SMILES,TotalEnergy
C[C@H](NC=O)C(=O)N1CC[C@H]2CO[C@@H](CNC(=O)CNC(=O)C(F)(F)F)[C@H]2C1,-112.6109
COC(=O)CNC(=O)COC(=O)Cn1cnc2c(c(Br)nn2C)c1=O,-109.7756
CS(=O)(=O)CC=1C=CC=CC1CNC(=O)C2CC32CCOCC3,-90.6684
NS(=O)(=O)C=1C=CC(=CC1)CN2C=C(N=N2)C3=CN=CS3,-117.2279
O=C(NC1CC1)N[C@@H]1CCN(CC(=O)N2CCN(CC(=O)N3CCOCC3)CC2)C1,-137.9648
CN(C)C(=O)Cn1nc2n(c1=O)CCN(C(=O)NC[C@@H]1CC[C@@H](C(=O)N(C)C)O1)C2,-119.6436
CS(=O)(=O)N[C@@H]1CCN(C(=O)C(=O)Nc2ccc(C[C@H]3CC(=O)NC3=O)cc2)C1,-115.4972
CC=1C=CN2N=CC(C(=O)NC3CCCN(CC(F)(F)F)C3=O)=C2N1,-118.4251
CN1C=C(C(=O)N2C[C@H]3CS(=O)(=O)C[C@H]3C2)C=4C=CC=CC4C1=O,-105.0134
C[C@H](Nc1cnccn1)C(=O)N1C[C@@H]2COC[C@H](C1)[C@@H]2NC(=O)CS(C)(=O)=O,-127.5804
Cc1cc(NC(=O)CC(=O)N[C@@H]2[C@H]3COC[C@@H]2CN(C(=O)C(=O)N(C)C)C3)no1,-116.488
CCOC(=O)N[C@@H](O)C(=O)NC[C@@H]1OC[C@@H]2CCN(C(=O)COCCOC)C[C@@H]21,-106.3031
"COC(C)C1=NC(=CS1)CNC(=O)N[C@@H]2CC=3C=CC=CC3[C@H]2O |&1:14,22,r|",-102.5522
CN1CCN(CC1)C=2N=CC=CC2CNC(=O)C3CC3,-103.3226
C[C@@H](C(=O)N1CC[C@]2(CN(C(=O)Cn3cncn3)CCO2)C1)N1CCN(C)CC1,-128.3144
Cn1c(=O)ccn(CC(=O)NCCNS(=O)(=O)c2ccccc2[N+](=O)[O-])c1=O,-121.8606
Cn1cnc(C(=O)N2CCOC[C@]3(CN(C(=O)CN4CCOCC4)CCO3)C2)c1,-113.2504
CC(=O)NC=1C=CC(C)=C(C1)C(=O)N2CC3=CN=NN3CC=4C=CC=CC42,-115.6295
CS(=O)(=O)CCC(=O)N[C@@H]1[C@H]2COC[C@@H]1CN(C(=O)C[C@@H]1NC(=O)NC1=O)C2,-118.0296
COCc1noc(CN2CCN(C(=O)C(=O)N[C@H]3CCN(C(C)C)C3=O)CC2)n1,-121.3882
"NC(=O)C[C@@H]1CN(C[C@H]1O)C(=O)CC=CC=2C=CC=C(F)C2 |&1:4,8,r|",-111.2142
CC1=CC(C)=CC(=C1)C(=O)NCC(=O)NC=2C=CC(=CC2)CN3C=CN=C3,-108.4524
CC1OC=2C=CC=CC2N(CC(=O)NCC=3N=CC=CN3)C1=O,-128.7962
CCOC=1C=CC(=CC1)CC(=O)N(C)C2CCS(=O)(=O)C2,-99.0251
O=C1C=2C=C(C=CC2CN1C3CCC(=O)NC3=O)CNS(=O)(=O)C=4C=CC=5OCCOC5C4,-150.8289
Cc1ccc(NC(=O)C(=O)N2CCN(C(C)(C)C(N)=O)CC2)cc1S(N)(=O)=O,-130.9511
C#CCO[C@@H](C)C(=O)N1CCOC[C@]2(CN(C(=O)CN3CCOC3=O)CCO2)C1,-123.8699
CC[C@@H](NC(N)=O)C(=O)N1CCO[C@]2(CCN(C(=O)CN3C(=O)C=CC3=O)C2)C1,-123.1546
O=C(NC1CC1)C(=O)N1CCN(C(=O)CCNS(=O)(=O)c2cccnc2)CC1,-113.8833
CC(C)[C@H](CNC(=O)C(=O)N1CCN(C(C)(C)C(N)=O)CC1)N1CCN(C)CC1,-110.2147
CNC(=O)COC=1C=CC=C(C1)CNC(=O)CNC(=O)C2=CC=C3OCOC3=C2,-131.6673
C#CCO[C@H](C)C(=O)N1CCO[C@]2(COCCN(C(=O)C[C@H](NC)C(=O)O)C2)C1,-103.5684
CN1CCN(C2(C(=O)N3CC[C@]4(CN(C(=O)[C@@H]5C[C@H](O)CN5)CCO4)C3)CC2)CC1,-111.4695
CC1CCN(CC2=NC3=C(C=NN3C=4C=CC=CC4)C(=O)N2)CC1CO,-128.11
O=C(CCC=CC=1C=CC=CC1)NC=2C=CC=CC2N3N=CC=4C(=O)NC=NC43,-136.8426
O=C1C[C@H](C(=O)N2CCN([C@H]3CS(=O)(=O)C[C@@H]3O)CC2)CN1Cc1ccco1,-109.593
CC[C@H](NC(N)=O)C(=O)N[C@@H]1[C@H]2COC[C@@H]1CN(C(=O)C[C@H]1NC(=O)NC1=O)C2,-139.602
C[C@@H](CN)C(=O)N1CCC(N2CCC(NC(=O)[C@@H](O)N3CCOCC3)CC2)CC1,-106.808
CC1C[C@H](C(=O)NCCN2CCNC(=O)C2)[C@@H](C(=O)NCCN2CCNC(=O)C2)C1,-126.0706
O=C1C[C@@H](C(=O)N2CCOC[C@]3(CN(C(=O)c4ccc[n+]([O-])c4)CCO3)C2)CCN1,-116.995
O=C(NC1CCN(C2CCN(C(=O)c3nc4ncccn4n3)CC2)CC1)C(O)O,-119.6915
Cc1noc(CC(=O)NC[C@@H]2OC[C@@H]3CCN(C(=O)CC[C@@H](N)C(N)=O)C[C@@H]32)n1,-151.2261
C[C@H](CC(N)=O)C(=O)N1CCO[C@]2(COCCN(C(=O)[C@@H](C)n3ccnn3)C2)C1,-122.8252
COC(=O)CN1CCN(c2ccc(NC(=O)C(=O)NCC(=O)NCCO)cc2)CC1,-124.8088
C[C@H](C(=O)N1C[C@@H]2COC[C@H](C1)[C@@H]2NC(=O)c1cc(O)n[nH]1)N1CCN(C)CC1,-136.0215
NC(=O)c1ncccc1C(=O)N1CC[C@H]2CO[C@@H](CNC(=O)[C@H]3CNC(=O)C3)[C@H]2C1,-153.8428
CC(C=1C=CC=C(C#N)C1)N2CCN(CC2)C(=O)NC3CCCCC3,-107.205
Cc1[nH]ccc1C(=O)N1CCOC[C@@]2(C1)CN(C(=O)[C@@H](N)CCC(N)=O)CCO2,-122.9115
O=C(N[C@@H]1C[C@@H]2CC[C@H](C1)N2C(=O)COc1ccc(O)nn1)[C@H](O)N1CCOCC1,-113.4231
CCS(=O)(=O)N[C@H](C)C(=O)N1CCCC12CN(C(=O)CN1C(=O)C=CC1=O)C2,-131.3644
O=C1NC(=O)[C@@H](CC(=O)N2CCOC[C@@]3(C2)CN(C(=O)c2csnn2)CCO3)N1,-126.4062
O=C1C[C@@H](C(=O)N2CCO[C@@]3(COCCN(C(=O)Cn4ccccc4=O)C3)C2)CN1,-105.0578
C[C@@H]1CN(C(=O)Cn2cnc3c2c(=O)n(C)c(=O)n3C)CC[C@@H]1N1CCN(C)CC1,-115.9468
C[C@@H](Nc1cnccn1)C(=O)N1CCOC[C@@]2(CN(C(=O)CNC(=N)N)CCO2)C1,-146.4077
NC(=O)[C@H](N)CCC(=O)N[C@@H]1[C@H]2COC[C@@H]1CN(C(=O)/C=C\C(=O)NC1CC1)C2,-139.8132
CC(=O)N1CCN(CC(=O)N2CCC(N3CCC(NC(=O)CN)CC3)CC2)CC1,-112.299
C[C@](O)(CC(=O)O)CC(=O)N1CCO[C@]2(COCCN(C(=O)Cn3cccn3)C2)C1,-122.1216
CC(NC(=O)N1CCC(CC=2C=CC=CC2)C1)C3CCOCC3,-107.1566
CC[C@@H](C)[C@@H](O)C(=O)N1CC[C@H]2CO[C@@H](CNC(=O)CN(CCO)CCO)[C@H]2C1,-115.4824
CC[C@H](NC(C)=O)C(=O)N1CCO[C@@]2(COCCN(C(=O)Cn3cnnn3)C2)C1,-144.6511
O=C(CN1CCCN(CC1)C(=O)C=2C=CC=CC2)NCC3CCCO3,-112.6886
CN(C)CC(=O)N1CCOC[C@]2(C1)CN(C(=O)[C@@H](O)N1CCOCC1)CCO2,-99.9423
CNC(=O)CC(=O)N1C[C@@H]2COC[C@H](C1)[C@@H]2NC(=O)[C@H](O)NC(=O)OC(C)(C)C,-120.5527
CN1CCN(S(=O)(=O)N2CCN(CN3C(=O)N[C@@](C)(C4CC4)C3=O)CC2)CC1,-108.0304
CNC(=O)[C@@H]1CN(C(=O)C(=O)NC[C@@](C)(O)CN2CCOCC2)c2ccccc2O1,-112.7302
CC(SC1=NN=C(N)S1)C(=O)NC=2C=CC(=CC2)C(N)=O,-130.8441
C[C@H](C(=O)N1CCO[C@]2(COCCN(C(=O)[C@@H]3CCC(=O)NC3)C2)C1)n1cnnn1,-119.4021
COC=1C=CC2=C(C1)N(CC2C)C(=O)CC3CCNCC3,-114.4876
C[C@@H](C(=O)N[C@@H]1C[C@@H]2CC[C@H](C1)N2C(=O)c1cc(=O)n2[nH]nnc2n1)n1ccnn1,-122.9321
C[C@@]1(CCC(=O)N2CCN(CC(=O)N[C@H]3CCS(=O)(=O)C3)CC2)CCC(=O)N1,-100.833
CC1CC(N)CCN1S(=O)(=O)C=2C=CC(Br)=C(Cl)C2,-99.1013
CC(CN1CCCC1=O)NC(=O)NCC=2C=CC(=CC2)S(C)(=O)=O,-125.03
O=C1NC(=O)[C@H](CC(=O)N2CCO[C@]3(CCN(C(=O)CCc4ncc[nH]4)C3)C2)N1,-115.9146
COC(=O)C=1C=C(C=C2NC=CC12)NC(=O)N3CC(OC(C)(C)C3)C(F)(F)F,-107.0342
CC(=O)OC[C@@H]1OC[C@@](OC(C)=O)(n2cnc3c(=O)[nH]c(=O)[nH]c32)[C@@H]1OC(C)=O,-125.7625
CO[C@H](C)C(=O)N1CCOC[C@@]2(CN(C(=O)c3cc4n(n3)CCNC4=O)CCO2)C1,-114.7179
O=C(Nc1cnn(CC(=O)N2CCOCC2)c1)C(=O)N1CCC[C@H]1C(=O)NC1CC1,-136.0058
O=C(NC[C@H](O)CO)C(=O)Nc1ccc(Cl)c(S(=O)(=O)N2CCOCC2)c1,-123.6101
CN(CC(=O)N[C@H]1CC[C@H](NC(=O)CN(C)S(C)(=O)=O)CC1)S(C)(=O)=O,-109.4636
C[C@H]1CN(S(=O)(=O)N2CCN(C(=O)CN3CCN(C)CC3)CC2)C[C@H](C)O1,-109.7232
CN(C)S(=O)(=O)CCn1c(-c2cnccn2)nnc1N1CCN2C(=O)NC[C@@H]2C1,-120.5719
COC(=O)CN(CC(=O)OC)C(=O)C1=NN([C@H]2CCS(=O)(=O)C2)C(=O)CC1,-120.3567
O=C(Cc1cccnc1)N[C@@H]1[C@H]2COC[C@@H]1CN(C(=O)CN1C(=O)CNC1=O)C2,-120.21
CNC(=O)C=1C=CC=C(C1)NC(=O)C(N)CC=2C=CC=CC2,-108.649
CN(C)C(=O)Cn1nc2n(c1=O)CCN(C(=O)N[C@H]1CCC(=O)N[C@H]1C1CC1)C2,-123.9023
CN(C)S(=O)(=O)c1cc(C(=O)N2CCN(C(=O)C(=O)NC3CC3)CC2)n(C)c1,-134.1757
CS(=O)(=O)NC[C@@H]1CCCN(C(=O)[C@H]2CC(=O)N(CCN3CCOCC3)C2)C1,-106.5291
CC[C@H](C)[C@H](N)C(=O)N1CC[C@H]2CO[C@@H](CNC(=O)CN(CCO)CCO)[C@H]2C1,-118.7872
CN(C)c1ccncc1C(=O)N1CCO[C@@]2(COCCN(C(=O)CNC(=N)N)C2)C1,-112.5259
"O=C(N[C@@H]1CC(CN2C=CC=N2)C[C@H]1O)C3=CC=C(O3)C4=CC=CO4 |&1:3,13,r|",-124.04
NS(=O)(=O)[C@H]1CCN(C(=O)C(=O)NC[C@@]2(N3CCOCC3)CCSC2)C1,-121.3643
COC=1C=CC(=CC1F)C(C)NC(=O)N2CCCCCC2C=3C=CN=CC3,-116.3931
O=C(C1=CSC(=N1)C=2C=CSC2)N(CC=3C=CC(F)=CC3)C4CC4,-114.7002
O=C1CN(C(=O)CN2CC3(C[C@H](NC(=O)[C@@H]4C[C@@H]5O[C@H]4[C@H]4C[C@@H]54)CO3)C2)CCN1,-119.0944
CN1C(=O)C(=O)N(CC(=O)N[C@@H]2CN(C(=O)[C@@H]3C[C@@H]4O[C@H]3[C@H]3C[C@@H]43)C[C@H]2O)C1=O,-124.5388
Cn1nc(CC(=O)OCC(=O)c2c(N)n(C)c(=O)n(C)c2=O)c2ccccc2c1=O,-138.2628
O=C1C[C@@]2(CCOC2)CN1CN1CCN(S(=O)(=O)[C@@H]2CCS(=O)(=O)C2)CC1,-97.265
NC(=O)CNC(=O)c1cc(S(=O)(=O)N2CCOCC2)ccc1N1CCOCC1,-131.7365
C[C@@](O)(CC(=O)O)CC(=O)N1CCO[C@@]2(CCN(C(=O)CCS(C)(=O)=O)C2)C1,-117.3196
O=C(COC(=O)[C@H]1CNC(=O)N1)Nc1ccc(S(=O)(=O)N2CCOCC2)cc1,-130.409
CN[C@H](CC(=O)N[C@@H]1[C@H]2COC[C@@H]1CN(C(=O)C(C)(C)NCCC#N)C2)C(=O)O,-130.259
C[C@@H](C(=O)NC[C@@H]1OC[C@@H]2CCN(C(=O)CN(CCO)CCO)C[C@@H]21)n1ccnc1,-147.9156
Cc1cc(CC(=O)N2CCO[C@]3(COCCN(C(=O)C(=O)N(C)C)C3)C2)nn1C,-103.1874
Cn1nccc1C(=O)N1CCOC[C@@]2(CN(C(=O)CS(C)(=O)=O)CCO2)C1,-127.0853
COc1cc(C(=O)NS(=O)(=O)N2CCOCC2)cc(OC)c1OCC(N)=O,-125.111
CC(=O)c1cc(C(=O)N2CCO[C@]3(COCCN(C(=O)Cn4cncn4)C3)C2)n[nH]1,-130.3574
CC=1NN=C(C1C(=O)NCCC2=COC(=N2)C=3C=CC(C)=CC3)C(F)(F)F,-125.3558
COC=1C=CC(=CC1)CC2(C)NC(=O)N(CC(=O)N3CCNCC3)C2=O,-125.2676
O=C(CC=1C=CC=2OCCOC2C1)N3CCOC(C3)C=4N=CON4,-117.1432
Cn1nc(C(=O)N2CC[C@H]3CO[C@@H](CNC(=O)[C@@H](N)CCC(N)=O)[C@H]3C2)cc1O,-122.7506
C[C@H](NC=O)C(=O)N1CCOC[C@]2(CN(C(=O)c3cc4n(n3)CCCO4)CCO2)C1,-122.04
C[C@@H](NC(=O)CN1CCN(S(=O)(=O)[C@H]2CCS(=O)(=O)C2)CC1)C(=O)N(C)C,-115.5481
CS(=O)(=O)N1CCN(C(=O)C(=O)NCc2ccc(N3CCOCC3)nc2)CC1,-113.7985
CCOC(=O)N[C@H](O)C(=O)NC[C@@H]1OC[C@@H]2CCN(C(=O)[C@@H]3C[C@H](O)CN3)C[C@@H]21,-128.5955
COC=1C=CC(OC)=C(C1)C2CCCN2C(=O)CCC3=NC(=NO3)C4=NN=CN4,-134.1892
O=C(c1cc2n(n1)CCCO2)N1CC2(CCCN2C(=O)CN(CCO)CCO)C1,-122.1872
O=S(=O)(NCCN1CCOCC1)C=2C=CC(Br)=CC2,-95.9702
CN1CCN(S(=O)(=O)N2CCN(C(=O)NC[C@H]3CC[C@@H](C(N)=O)O3)CC2)CC1,-109.8661
CN1CCCC[C@@H]1C(=O)N1CCOC[C@]2(CN(C(=O)Cn3cnnn3)CCO2)C1,-108.2507
CN(C)S(=O)(=O)N1CCCN(C(=O)[C@@H]2CC[C@H](C(=O)N3CCOCC3)O2)CC1,-106.0061
OC[C@@H]1COCCN1C=2C=C(N=CN2)C=3C=CC=C(Cl)C3,-121.3617
C[C@H](Cn1cccn1)C(=O)N1C[C@@H]2COC[C@H](C1)[C@@H]2NC(=O)CN1CCNC1=N,-115.4834
COC1=CNN=C1C2=NC(=NN2CC=3C=CC(F)=C(F)C3)C4CCOC4,-122.755
CCS(=O)(=O)N[C@@H](C)C(=O)N1CC[C@H]2[C@@H]1CCN2C(=O)[C@@H](COC)NC(C)=O,-110.6267
CCNC(=O)N[C@@H](C)C(=O)N1CCOC[C@]2(CN(C(=O)C3CN(C)C3)CCO2)C1,-102.247
CNC(=O)[C@@H]1CN(c2nnc([C@H](C)NS(C)(=O)=O)n2CC2(O)CCC2)CCO1,-123.0588
CN1CCN(S(=O)(=O)c2ccc(N3CCN4C(=O)C(=O)NC[C@H]4C3)nc2)CC1,-105.5058
FC=1C=CC=C2N=C(SC12)N3CCC(CC3)NC4CCOCC4,-105.1337
N#CC1(C(=O)N2CCOC[C@@]3(CN(C(=O)CN4C(=O)C=CC4=O)CCO3)C2)CC1,-119.944
C[C@@H](Oc1cccnc1)C(=O)N1CCOC[C@]2(CN(C(=O)CNC(=N)N)CCO2)C1,-138.7292
CO[C@@H](C)Cn1c([C@H]2CN(S(C)(=O)=O)CCO2)nnc1N1CCN(C)C(=O)C1,-123.1392
COC=1N=CC(=CN1)C(=O)NC2(CC2)C3CCN(CC3)C(=O)CCCC(C)C,-106.8029
CC(=O)N1CCN(C(=O)COC(=O)c2cc3c(=O)n(C)c(=O)n(C)c3n2C)CC1,-124.0612
CCn1nccc1C(=O)N[C@@H]1[C@H]2COC[C@@H]1CN(C(=O)CNCP(=O)(O)O)C2,-120.875
O=C(CN1CCOCC1)N1CCO[C@]2(CCN(C(=O)CN3C(=O)C=CC3=O)C2)C1,-115.2423
CCOC(=O)C1=C(CN2CCN([C@@H]3CS(=O)(=O)C[C@@H]3O)CC2)NC(=O)N[C@H]1C,-115.5076
CN1CCN(CC(=O)N2CCO[C@@]3(COCCN(C(=O)c4cccnn4)C3)C2)CC1,-122.1072
Cn1cc(S(=O)(=O)NCC(=O)N(C[C@@H]2CCCO2)[C@H]2CCS(=O)(=O)C2)cn1,-107.5839
COC=1C=CC=C(C1)N2CCN(CC2)C(=O)CCC3CC4=CC=CC=C4NC3=O,-103.3694
CC(=O)NCCC(=O)N1CC[C@]2(C1)CN(C(=O)[C@H]1CCCS1(=O)=O)CCO2,-109.0912
CC=1C=C(F)C(Br)=CC1NS(=O)(=O)C=2C=CC=C(Cl)C2O,-105.61
CN1N=C(C(=O)NC2=CN=C3CCCCC3=C2)C=4CCCCC41,-116.5076
CCN(CC)CC(=O)NC=1C=CC=C(C1)NC(=O)C=2C=CC3=NNC(=O)N3C2,-129.249
CC1CC1C(=O)NC2=NC=3C=CC=CC3N2C=4C=CN(C)N4,-119.3199
O=C(CN(CCO)CCO)N[C@@H]1[C@H]2COC[C@@H]1CN(C(=O)CCc1cnccn1)C2,-130.4451
CC(C)OC=1C=CC=CC1C2=NC(=NO2)C=3C=NC=CN3,-106.063
CN1CCC2(CC1)CCN(CC2CO)C3=NC=NN4C=C(Br)C=C34,-114.084
CN1CCN(C2(C(=O)N3CCCC34CN(C(=O)CN(CCO)CCO)C4)CC2)CC1,-111.4318
CCNC(=S)NCC(=O)N1CCOC[C@@]2(C1)CN(C(=O)c1nc[nH]n1)CCO2,-114.5921
CC=1N=C(O)C=2C=C(C=CC2N1)NC(=O)NCC3(CO)CN(C3)C(=O)OC(C)(C)C,-141.0124
CC(C)N1C(=O)C(=O)N(CC(=O)N2CCN([C@@H]3CCS(=O)(=O)C3)CC2)C1=O,-102.1626
N=C1NCCN1CC(=O)N1CCOC[C@@]2(C1)CN(C(=O)[C@@H]1CCCOC1)CCO2,-114.0303
O=C1C=2C=CC=CC2C(=NN1CC=3C=CC=CC3)C4=NC(CN5C=NC=N5)=NO4,-150.476
COCCNC(=O)CN1CCN(C(=O)C(=O)Nc2cccc3c2oc(=O)n3C)CC1,-137.6602
O=C1NC(=NC=2SC=3CSCCC3C12)C=4C=CON4,-107.4672
O=C(N[C@@H]1[C@H]2COC[C@@H]1CN(C(=O)c1nn[nH]c1C(F)(F)F)C2)[C@@H]1C[C@H](O)CN1,-126.6444
CO[C@H]1CS(=O)(=O)C[C@H]1NC(=O)CCC(=O)N1CCN(c2ncccn2)CC1,-127.7537
O=C(CS(=O)(=O)N1CCCC1)N[C@@H]1[C@H]2COC[C@@H]1CN(C(=O)C1CC(O)C1)C2,-109.6891
O=C1CC[C@@H](C(=O)NC[C@@H]2OC[C@@H]3CCN(C(=O)Cn4ccncc4=O)C[C@@H]32)CN1,-112.119
CCNS(=O)(=O)C1CCN(C1)C(=O)C2=CN=C(S2)C=3N=CC=CN3,-106.4897
Cc1cc(NC(=O)CN2CCN(C(=O)C(=O)NC[C@@H](C)S(C)(=O)=O)CC2)no1,-120.1055
CN(C)C(=O)C1(CNC(=O)C2=COC=3C=CC(F)=CC23)CCCC1,-105.5513
C[C@H](C(=O)N[C@H]1CCS(=O)(=O)C1)N1CCN(C(=O)C(=O)N2CCOCC2)CC1,-117.3229
Cn1cccc1C(=O)C(=O)N[C@@H]1[C@H]2COC[C@@H]1CN(C(=O)CN(CCO)CCO)C2,-119.7516
O=C(NC=1C=NN(C1)C=2C=CC=CC2)NC(C3=NN=CN3)C=4C=CC=CC4,-129.8466
C1=CC(CNC2CCOCC32CCCCC3)=C(N=C1)N4CCOCC4,-117.176
C[C@H]1CN(S(=O)(=O)N2CCN(C(=O)C(=O)NCC[S@](C)=O)CC2)C[C@@H](C)O1,-118.1498
O=C(CN(CCO)CCO)N1CCO[C@@]2(COCCN(C(=O)[C@H]3C[C@@H](O)C3)C2)C1,-131.4971
COC(=O)[C@@H]1CNC(=O)CN1C(=O)CCc1c(C)nc2c(C(N)=O)cnn2c1C,-125.4109
COC(=O)C=1C=CC(=CC1Br)C2=NC=3N=CC=CC3N2C,-105.1925
C=CC(=O)N[C@H](C)C(=O)N1CCO[C@]2(COCCN(C(=O)[C@@H]3CCC(=O)N3)C2)C1,-123.7724
NC[C@H](N)C(=O)Nc1nc2c(s1)C[C@H](NC(=O)c1cc(=O)n3[nH]cnc3n1)CC2,-131.1874
CCC1(C(=O)N2CC[C@H]3CO[C@@H](CNC(=O)CN(C)C(=O)C(=O)O)[C@H]3C2)COC1,-112.795
Cc1c(C(=O)N2CC[C@H]3CO[C@@H](CNC(=O)CN(CCO)CCO)[C@H]3C2)cnn1C,-130.6316
O=C(c1ccc2nncn2c1)N1CC2(CCCN2C(=O)c2cc(=O)n3[nH]nnc3n2)C1,-132.3993
O=C(O)C#CC(=O)Nc1nc2c(s1)C[C@H](NC(=O)[C@@H](O)N1CCOCC1)CC2,-124.3258
CS(=O)(=O)NC(=O)CCNC(=O)CCN1CCN(C(=O)[C@H]2CCCO2)CC1,-120.1495
CCC(OC=1C=CC=CC1C)C(=O)N2CCC(C2)C=3N=CC=CN3,-107.8575
CN(C)C1(CNC(=O)C(=O)NCCN2CCN(S(C)(=O)=O)CC2)CCCC1,-104.7184
CCN1N=NC=C1C(=O)NC=2C=CC(=CC2)C3=NC=C4CCCCN34,-128.1346
O=C1CC(C(=O)N2CCO[C@]3(COCCN(C(=O)CSc4nc[nH]n4)C3)C2)=NN1,-142.148
COC1=C(C)C=NC(CN(C)C(=O)NC2CCCOC2CC(C)C)=C1C,-114.4477
O=C(NCCS(=O)(=O)N1CCOCC1)N[C@@H]1CCN(CCN2CCOCC2)C1,-130.2955
CNS(=O)(=O)[C@H]1CCN(C(=O)[C@H](CC(N)=O)NC(=O)Cc2cccc(F)c2)C1,-129.9151
COC[C@H](NC(C)=O)C(=O)N1CC[C@H]2CO[C@@H](CNC(=O)CS(C)(=O)=O)[C@H]2C1,-119.857
Cc1cc(CC(=O)N2C[C@@H]3COC[C@H](C2)[C@@H]3NC(=O)C[C@H]2NC(=O)NC2=O)no1,-149.1044
CC1(C)CC(=O)NC=2C=CC(=CC21)S(=O)(=O)NC=3C=CC=C4OCCC34,-102.7656
O=C(O)CC1COCCN1S(=O)(=O)C2=CC=C3C=CC=CC3=C2,-107.4107
CC(C)(F)C(=O)N1CCOC[C@@]2(CN(C(=O)C[C@@H]3NC(=O)NC3=O)CCO2)C1,-115.7839
CN(C=1C=CC=CC1)S(=O)(=O)C=2C=CC(=CC2)N3N=CC(Cl)=C(Cl)C3=O,-122.4071
CC1=NN=C(CN2C=C(N=N2)C=3C=CC(=CC3)C(O)C(F)(F)F)O1,-130.9817
C[C@@H](NC=O)C(=O)N1CCO[C@@]2(COCCN(C(=O)CCc3ccc(O)nn3)C2)C1,-133.2913
C/C(=C/C(=O)N1CCO[C@]2(COCCN(C(=O)c3c[nH]c(=O)cn3)C2)C1)C(=O)O,-115.8222
"CC(C)C=1C=C(C(=O)N2CCO[C@H]3COCC[C@H]32)N(C)N1 |&1:12,17,r|",-103.711
N=C(N)NCC(=O)N1CCO[C@]2(COCCN(C(=O)c3ccc([N+](=O)[O-])o3)C2)C1,-113.7489
COC[C@H](NC(C)=O)C(=O)N1C[C@@H]2COC[C@H](C1)[C@@H]2NC(=O)[C@H]1CCNC(=O)C1,-116.4468
CC1CN(CC(F)(F)F)CCN(C1)C(=O)C=2SN=C(O)C2Cl,-91.8713
O=C(NCc1ccnc(-n2cccn2)c1)C(=O)N1CCN(C(=O)Cn2cnnn2)CC1,-148.3844
NS(=O)(=O)c1cccc(N2C[C@@H](C(=O)NCCN3CCNC(=O)C3)CC2=O)c1,-124.7358
CC(=O)N1CCN(C(=O)CCNS(=O)(=O)CCCS(=O)(=O)N(C)C)CC1,-124.9262
CN(C)CCn1ccc(NC(=O)C(=O)N2CCN(S(=O)(=O)N(C)C)CC2)n1,-113.7031
COC(C1=NC(=NO1)C2=CC=3CCCCC3NC2=O)C4CC4,-103.4649
Cn1cc(CCC(=O)N[C@@H]2[C@H]3COC[C@@H]2CN(C(=O)CN2CCNC2=N)C3)cn1,-111.3219
CC(C)CN1C=CN=C1CNC(=O)N2CCC(CC2)N3C=CN=C3,-97.6943
CN1C(=O)CC[C@H]1C(=O)N1C[C@@H]2COC[C@H](C1)[C@@H]2NC(=O)CCN1CCOCC1,-116.3567
CCOC(=O)N[C@@H](O)C(=O)NC[C@@H]1OC[C@@H]2CCN(C(=O)Cn3ccnn3)C[C@@H]21,-113.8685
CCOC(=O)N[C@@H](O)C(=O)NC[C@@H]1OC[C@@H]2CCN(C(=O)CCn3cncn3)C[C@@H]21,-115.5938
CC(=O)N/C(C)=C/C(=O)N1CCO[C@@]2(CCN(C(=O)CN3C(=O)C=CC3=O)C2)C1,-115.8445
O=C(Cn1cccn1)N1CCOC[C@]2(C1)CN(C(=O)Cn1ccncc1=O)CCO2,-129.4019
CNS(=O)(=O)N1CCN(C(=O)CNC(=O)c2c[nH]c3ccccc3c2=O)CC1,-111.9394
C[C@H](O)CN1CCN(CC(=O)O)CCN(CC(=O)O)CCN(CC(=O)O)CC1,-112.4985
NC[C@H](N)C(=O)N[C@@H]1[C@H]2COC[C@@H]1CN(C(=O)[C@@H]1ON=C(c3ccccc3)O1)C2,-114.7335
O=C(O)C=1C=CC(=CC1)CNC(=O)C2CC(=O)N(C2)C=3C=CC=CC3,-132.8144
COc1ccc(NC(=O)C(=O)NC2CC(NS(C)(=O)=O)C2)cc1-n1cnnn1,-144.1895
CC(C)C(NC(=O)NC1CCN(CC1)C2CC2)C3=NC(=NO3)C4CC4,-127.5555
CN1N=C(C(=O)N2CC[C@H]3CO[C@@H](CNC(=O)CC[C@@H](N)C(N)=O)[C@H]3C2)CCC1=O,-128.9564
Cn1c(=O)c2c(ncn2CCC(=O)NCCCN2CCC[C@@H](C(N)=O)C2)n(C)c1=O,-128.7141
CCNC(=O)N[C@H](C)C(=O)N1CC[C@]2(CN(C(=O)c3c[nH]c(=O)cn3)CCO2)C1,-126.5816
O=C(N[C@@H]1[C@H]2COC[C@@H]1CN(C(=O)CCN1CCOC1=O)C2)c1c[nH]c(=O)cn1,-141.3738
Cn1ccnc1C(=O)N1CCO[C@]2(COCCN(C(=O)CC[C@@H](N)C(N)=O)C2)C1,-119.5165
CC=1NC=NC1C(=O)NC(C2=CNC=3C=CC=C(F)C23)C(F)(F)F,-113.6993
NC(=O)COc1ccc(C(=O)N2CCN(C(=O)C(=O)N3CCOCC3)CC2)cc1,-116.2559
CNC(=O)CN1CCC(NC(=O)C(=O)N2CCN(C(=O)CN3CCCC3)CC2)CC1,-113.115
CN(C)S(=O)(=O)CCS(=O)(=O)N1CCN([C@H]2CCS(=O)(=O)C2)CC1,-89.6086
CN1CCN(S(=O)(=O)c2cccc(NC(=O)C(=O)NCC(=O)N(C)C)c2)CC1,-113.2131
CC1=CN2C(CN(C)C(=O)C3CCCC=4C(O)=CC=CC43)=C(C)N=C2S1,-102.6647
CC=1C=CC=2N=C(C=CC2C1)C(=O)NC=3C=CC(=CC3)C(N)=O,-125.4853
CC(=O)N(C)[C@H](C)C(=O)N1CCOC[C@@]2(C1)CN(C(=O)[C@@H](C)n1cnnn1)CCO2,-112.6852
COC(=O)[C@@H]1[C@@H](O)CCCN1C(=O)[C@@H](C)NS(=O)(=O)c1ccc(C(N)=O)cc1,-118.5257
Cc1nc([C@H]2CN(CC(=O)N3CCN(CC(=O)N4CCOCC4)CC3)CCO2)no1,-120.5835
O=C1C=2C(=CSC2N=CN1CCC3CCNC3)C=4C=CC(Cl)=CC4,-115.388
CNS(=O)(=O)CCn1c([C@@H]2CCS(=O)(=O)C2)nnc1N1CCOC[C@H]1C,-127.4391
CCOC(=O)N[C@H](O)C(=O)N1CC[C@]2(CN(C(=O)c3cnc(OC)cn3)CCO2)C1,-129.281
CC1=NN=C2C=CC(=NN12)N3CCCC(CN(C)S(C)(=O)=O)C3,-109.2289
C[C@H](C(=O)N1CCO[C@]2(CCN(C(=O)CN(CCO)CCO)C2)C1)N1C[C@H]2C[C@H]2C1,-104.8275
N#CC=1C(=NNC1NC(=O)C=2C=CC=CC2S(=O)(=O)N3CCCCC3)N4CCOCC4,-157.9695
COC(=O)NCC(=O)N1CCOC[C@@]2(C1)CN(C(=O)Cc1ccn(C)n1)CCO2,-111.6178
CNc1nsnc1C(=O)N[C@@H]1[C@H]2COC[C@@H]1CN(C(=O)CN1C(=O)C=CC1=O)C2,-114.9011
C[C@@H](NS(C)(=O)=O)c1nnc(N2CCNC(=O)C2)n1C[C@@]1(O)CCN(C)C1,-134.9855
CC(C)NC(=O)CN1CCN(C(=O)c2ccc3c(=O)n(C)c(=O)n(C)c3n2)CC1,-119.3145
O=C(NC1CC1)C(=O)N1CCN(CC(=O)N2CCN(C(=O)c3ccco3)CC2)CC1,-120.1245
O=C(CC=1C=CC(F)=CC1F)NCC=2C=CC=CC2C3=CC=CN=C3,-124.9585
CC1=C(C=NN1C)CN(C)C(=O)C=2C=C(N=CN2)C(F)F,-107.4939
CCOC(=O)N[C@@H](O)C(=O)N[C@@H]1[C@H]2COC[C@@H]1CN(C(=O)[C@@H](C)N(C)CC)C2,-121.1342
CNS(=O)(=O)N1CCN(C(=O)C2=NN([C@@H]3CCS(=O)(=O)C3)C(=O)CC2)CC1,-118.1841
COC=1C=C(C)C=CC1NC(=O)C=2C=CC=C3C=NC=CC23,-105.4877
CS(=O)(=O)NCCC(=O)OCC(=O)N1CCN([C@@H]2CCS(=O)(=O)C2)CC1,-109.5618
CC(C(=O)NCC=1C=CC(=CC1)CC(=O)O)N2C=CC=N2,-114.8243
NS(=O)(=O)N1CCC(C(=O)N2CCC[C@H](S(=O)(=O)N3CCOCC3)C2)CC1,-113.9737
CC[C@H](O)C(=O)N1CCO[C@]2(COCCN(C(=O)CCN3CCN(C)CC3)C2)C1,-129.1127
COC=1C=CC(=CC1F)C(C)NC(=O)N2CCCC(C2)N(C)C,-110.7386
O=C(CN(CCO)CCO)N1CCOC[C@]2(C1)CN(C(=O)C1CCCC1)CCO2,-119.7032
COC=1C=CC=C(C1)CNCC=2C(C)=NN(C)C2N(C)C,-103.8981
O=S(=O)(NC=1C=CC=C(Cl)C1)C=2C=CC=C(C2)N3C=NN=N3,-119.5776
CC(C)NC(=O)C=1C=C(NN1)C=2C=CC(F)=CC2,-106.3953
CCC(CC)N1N=C(C)C=C1C(=O)N2C[C@H]3CS(=O)(=O)C[C@H]3C2,-104.597
COC(=O)[C@H]1[C@@H](O)CCCN1C(=O)C(=O)Nc1ccn(CCN2CCOCC2)n1,-158.5671
CN(CC(=O)N1CC[C@H]2CO[C@@H](CNC(=O)c3nccn3C)[C@H]2C1)C(=O)C(=O)O,-112.5553
NCC(=O)N1CCO[C@]2(COCCN(C(=O)c3ccc4c(n3)NC(=O)CC4)C2)C1,-118.0705
COCC(C)(O)CCNC=1N=C(N=C2CCCC12)C=3C=CN=CC3,-129.6048
O=C(NCCS(=O)(=O)NC[C@@H]1CCCCO1)NCCS(=O)(=O)NC1CC1,-123.657
CN(C)CC(=O)N1C[C@@H]2COC[C@H](C1)[C@@H]2NC(=O)CS(=O)(=O)N1CCCC1,-115.1034
CN[C@H](CC(=O)N1CCO[C@@]2(COCCN(C(=O)CNC(C)=O)C2)C1)C(=O)O,-124.8346
COC(=O)C1(C(=O)N2C[C@@H]3COC[C@H](C2)[C@@H]3NC(=O)[C@H](O)N2CCOCC2)CC1,-113.3157
O=C(NCC1=NC(=NN1)C2=CC=CO2)N3C[C@@H]4C[C@H]3CS4,-110.2926
O=C(CC1=CNC=2N=CC=CC12)NCC=3C=CC(=C(F)C3)N4C=CN=C4,-126.2961
C[C@@H](C(=O)NC[C@@H]1OC[C@@H]2CCN(C(=O)[C@@H]3C[C@H](O)CN3)C[C@@H]21)N1CCN(C)CC1,-109.4922
CC1NC(=O)CCC1NC(=O)CN2CCN(C2=O)C3CC3,-118.1506
CNC(=S)NCCC(=O)NC[C@H]1CCN(C(=O)[C@@H](N)CN)[C@H]1c1cccnc1,-124.573
CCC(=O)C(=O)N1CCO[C@]2(COCCN(C(=O)Cn3cc(C)c(O)nc3=O)C2)C1,-122.9556
O=C(CCn1cncn1)N1CCOC[C@]2(C1)CN(C(=O)Cn1cnnn1)CCO2,-121.5965
CC(C)N(C)CC(=O)N1CCO[C@@]2(COCCN(C(=O)CN3C(=O)C=CC3=O)C2)C1,-112.9224
C[C@H](CS(C)(=O)=O)C(=O)N1CCOC[C@@]2(C1)CN(C(=O)[C@H](C)NC=O)CCO2,-110.7289
CC=1C=C(Br)C=CC1CNC(=O)NC2CCC(O)CC2,-97.8042
COC[C@@H](NC(C)=O)C(=O)N1CCO[C@]2(COCCN(C(=O)C3(C)COC3)C2)C1,-122.2523
COc1ccc(NC(=O)C(=O)N2CCN(C(=O)Cn3cnnn3)CC2)cc1[N+](=O)[O-],-127.1696
C1=C(COC2CCCCO2)N=NN1[C@@H]3CCCC4=CC=CN=C43,-108.3476
C[C@H]1Oc2ccc(C(=O)N3C[C@@H]4COC[C@H](C3)[C@@H]4NC(=O)C(O)O)cc2NC1=O,-125.1942
CC1=NC(=CS1)CC2=NC=3SC(C)=C(C=4C=CC(F)=CC4)C3C(=O)N2,-107.9503
CC(C)(C(=O)NC1CCC2=NC=CN2C1)C3=CC(F)=CC(C#N)=C3,-118.7584
C[C@@H](C(=O)Nc1nc2c(s1)C[C@H](NC(=O)Cn1cnnn1)CC2)n1cnnn1,-125.8141
O=C1C[C@H](C(=O)N2CCOC[C@@]3(CN(C(=O)CCn4ccnn4)CCO3)C2)CCN1,-117.1213
Cc1noc(N)c1C(=O)NC[C@@H]1OC[C@@H]2CCN(C(=O)[C@@H](N)CCC(N)=O)C[C@@H]21,-134.8505
Cn1nncc1C(=O)N1CCO[C@@]2(COCCN(C(=O)CSCC(=O)O)C2)C1,-128.5185
COC[C@H](C)NC(=O)NC(=O)COC(=O)c1cnc2c(c1)c(=O)n(C)c(=O)n2C,-137.0422
CC(C)C[C@@H](NC(=O)[C@]1(O)C[C@H](NC(=O)c2cccnc2)[C@@H](O)[C@H](O)C1)C(N)=O,-138.7271
CN(CC(=O)N1CC[C@]2(C1)CN(C(=O)c1cncc(O)c1)CCO2)C(=O)C(=O)O,-117.6901
O=C(CCN1CCOCC1)N[C@@H]1[C@H]2COC[C@@H]1CN(C(=O)Cn1ccncc1=O)C2,-121.4497
CN(C)C(=O)C(=O)NC[C@@H]1CCN(C(=O)C[C@H]2NC(=O)NC2=O)[C@H]1c1cccnc1,-109.1255
CN1CCN(CCCCNC(=O)NCCN2CCN(S(C)(=O)=O)CC2)CC1,-100.8227
CN1CCO[C@H](CNC(=O)NC2CCN(S(=O)(=O)N3CCOCC3)CC2)C1,-112.0838
CCNC(=O)N[C@H](C)C(=O)N1CC[C@]2(CN(C(=O)CC[C@@H](N)C(N)=O)CCO2)C1,-133.5779
C[C@H](C(=O)NC[C@@H]1OC[C@@H]2CCN(C(=O)[C@H]3CCC(=O)N3)C[C@@H]21)N1CCN(C)CC1,-110.8924
CC(C)(C)OC(=O)N[C@@H](CO)C(=O)N1CCCC12CN(C(=O)C1=NNC(=O)C1)C2,-119.7533
CC(C)(C)OC(=O)NC[C@@H](O)C(=O)N1CC2(CCCN2C(=O)Cn2cnnn2)C1,-124.4526
O=S(=O)(NC=1C=CC=CC1CO)C=2C=CC(F)=CC2,-98.6239
Cn1cnc(S(=O)(=O)NCC(=O)NCCNS(=O)(=O)c2ccccc2)c1,-112.6894
CNS(=O)(=O)CCn1c([C@H]2CCS(=O)(=O)C2)nnc1N1CC[C@H](OC)C1,-113.4988
CC(=O)N(C)CCC(=O)N1[C@H]2CC[C@@H]1C[C@H](NC(=O)c1cc(=O)n3[nH]nnc3n1)C2,-129.8743
CC1=C(NC(=O)N(C=2C=CC=CC2)C=3C=CC=CC3)C(=O)N(C=4C=CC=CC4)N1C,-133.5732
COC(CNC(=O)[C@@H]1CN2CCCN1CC2)CNC(=O)[C@@H]1CN2CCCN1CC2,-94.2532
COC(=O)C1(C(=O)N2CCO[C@]3(CCN(C(=O)CN(C)C(=O)C(=O)O)C3)C2)CC1,-121.5899
O=C(CCC1=NC(=NO1)C=2C=CC=C(Cl)C2)N3CCOCC3,-123.5547
CC(C)OCC=1C=CC(=CC1)CNC(=O)CC2CC3CCC2C3,-99.1364
CC(=O)N[C@H](C)C(=O)N1CCO[C@]2(COCCN(C(=O)c3c[nH]c(=O)cn3)C2)C1,-121.1063
C=CCNC(=O)CC1(CC(=O)NC2=NC=CS2)CCCCC1,-112.1136
CCC1=NC=2C=CC=CC2N1C3CCN(CC3)C(CC)C(=O)O,-108.559
CCS(=O)(=O)CC(=O)N1CCO[C@]2(COCCN(C(=O)[C@H]3CCOC3)C2)C1,-98.384
CC(C)(C)[C@H](CNC(=O)Cn1cnc(C(N)=O)n1)NC(=O)CNC(=O)NC1CC1,-138.2043
C[C@H](C(=O)N1CCO[C@@]2(COCCN(C(=O)[C@H]3CCNC(=O)C3)C2)C1)n1cnnn1,-126.0134
CN[C@@H](CC(=O)N1CCOC[C@]2(C1)CN(C(=O)c1ccc(O)nc1)CCO2)C(=O)O,-114.6297
CC(=O)NCC(=O)N1CCO[C@@]2(COCCN(C(=O)CN3C(=O)C=CC3=O)C2)C1,-114.1284
NC(=O)CCC(=O)NC[C@@H]1CCN(C(=O)CN2CC(=O)NC2=O)[C@H]1c1cccnc1,-130.0269
CCC1=CC=C(O1)C2COCCN2S(=O)(=O)C=3C=CC=4NC(=O)C(C)(C)C4C3,-100.3082
C[C@@H](NS(C)(=O)=O)c1nnc(N2CCOCC2)n1CCS(=O)(=O)N(C)C,-119.0682
CC1=CC=CN2C=C(CC(=O)N3CCC=4C=CN=C(O)C4C3)N=C12,-115.2028
CN(C)S(=O)(=O)N1CCN(S(=O)(=O)c2cccc(-c3nnnn3C)c2)CC1,-112.5271
COCCNC(=O)CN1CCN(C(=O)N[C@@H]2CCN(c3cnn(C)c3)C2=O)CC1,-122.2541
C[C@](O)(CC(=O)O)CC(=O)N1CCO[C@]2(COCCN(C(=O)CCC(N)=O)C2)C1,-122.6338
Cc1noc(C)c1S(=O)(=O)NCC(=O)N1CCN(C(=O)Cn2cnnn2)CC1,-152.6597
CC(=O)NC1(CCN(C1)C=2N=CC(C)=CN2)C3=NC(C)=CS3,-107.1787
C[C@@H](CC(N)=O)C(=O)NC1CCN(C2CCN(C(=O)C3=NNC(=O)C3)CC2)CC1,-125.129
CC(NC(=O)CC1=CCCCC1)C2=NN=C3C=CC=CN23,-109.876
CC1CC(CN1C(=O)NCC=2C=CC=NC2)C=3C=CC(Br)=CC3,-98.4087
O=C(CN1C(=O)C=CC1=O)N1CCO[C@@]2(COCCN(C(=O)[C@@H]3CCOC3)C2)C1,-120.9295
CC[C@@H](NC(=O)C(=O)N1CCN([C@H](C)C(=O)NC2CC2)CC1)C(=O)N1CCOCC1,-125.2179
O=C(O)c1cnncc1C(=O)N[C@@H]1[C@H]2COC[C@@H]1CN(C(=O)Cn1cnnn1)C2,-133.3606
NCC(=O)N1CCOC[C@@]2(C1)CN(C(=O)[C@H]1CCc3nc(O)nc(O)c3C1)CCO2,-114.1943
CC[C@H](NC(N)=O)C(=O)N1CCOC[C@@]2(CN(C(=O)c3c[nH]c(=O)cn3)CCO2)C1,-112.6609
CCC=1C=C(N=C(C)N1)N2CC3(C2)CN(C)CC3C4=NN=C(C)N4,-124.2152
CCOC(=O)C(Cc1cnc2c(=O)n(C)c(=O)n(C)c2n1)(NC(C)=O)C(=O)OCC,-130.8702
COCC(=O)N1CCCC1C2CCN(C2)C(=O)C=3C=C(C)C=CC3F,-105.1071
CC(=O)N[C@H](C)C(=O)N1CCOC[C@@]2(CN(C(=O)c3n[nH]cc3[N+](=O)[O-])CCO2)C1,-125.7641
C=CC(=O)N[C@@H](C)C(=O)N1CCO[C@@]2(COCCN(C(=O)CS(C)(=O)=O)C2)C1,-134.4765
O=C(C[C@@H]1NC(=O)NC1=O)NC[C@@H]1OC[C@@H]2CCN(C(=O)[C@H]3CNC(=O)C3)C[C@@H]21,-120.7052
CN(CC=1C=CC(F)=C(Cl)C1)C(=O)C2=CN(CCCC3=NOC(=O)N3)N=N2,-137.7673
C[C@@](O)(CN1C(=O)NC2(CCCC2)C1=O)C(=O)NCCN1CCCS1(=O)=O,-136.3673
CN1C=CN=C1CC2CCCN(C2)C(=O)NC=3C=CC(=NC3)N4N=CC=N4,-112.6935
CN(C)S(=O)(=O)C1=CC(=CO1)C2=NC(=NO2)C=3C=CN=CC3,-112.1904
CC=1C=C(F)C=2CC(NC2C1)C(=O)NCC3CC43CCSCC4,-107.7131
CN(C(=O)NCCN1CCN(S(C)(=O)=O)CC1)[C@@H]1CCN(S(C)(=O)=O)C1,-107.5652
O=C(CN1CCN(CC1)C(=O)C=2C=CC=C(F)C2)NCCC3=NC=4C=CC=CC4S3,-111.9421
O=C(c1cnc(O)nc1O)N1CCOC[C@]2(C1)CN(C(=O)C1CC(O)C1)CCO2,-129.6149
O=C(CCn1cncn1)N1CCO[C@]2(COCCN(C(=O)[C@@H]3C[C@H](O)CN3)C2)C1,-115.8414
O=C1C[C@H](C(=O)N2CCN([C@H]3CS(=O)(=O)C[C@H]3O)CC2)CN1CC(F)(F)F,-106.081
O=C(c1ccc(=O)oc1)N1CCO[C@]2(CCN(C(=O)[C@H](O)N3CCOCC3)C2)C1,-117.3624
CC[C@H]1C(=O)N(CC)CCN1CC(=O)N1CCN(CC(=O)N2CCOCC2)CC1,-114.4672
NC(=O)CC1(CCOCC1)NC(=O)C=2C=C(Br)C=C3NC(=O)NC23,-113.5361
CN(C)C(=O)CN1CCC(NC(=O)C(=O)N2CCN(c3cnn(C)c3)CC2)CC1,-117.5205
CCC=1C=CC(=CC1)C2=NOC(=N2)C(C)NS(=O)(=O)CC=3C=CC=CC3,-122.9917
Cc1cc(C(=O)N2C[C@@H]3COC[C@H](C2)[C@@H]3NC(=O)CNCP(=O)(O)O)n(C)n1,-137.7519
CN[C@@H](CC(=O)N[C@@H]1[C@H]2COC[C@@H]1CN(C(=O)CNC(=O)c1ccco1)C2)C(=O)O,-130.9196
NC(=O)NCC(=O)NC[C@@H]1CCN(C(=O)CN2C(=O)C=CC2=O)[C@@H]1c1cccnc1,-127.115
O=C(COCCO)N1CCO[C@]2(COCCN(C(=O)c3ccc4nncn4c3)C2)C1,-128.6793
O=C(c1nc2ncccn2n1)N1CCOC[C@@]2(C1)CN(C(=O)C1CC(O)C1)CCO2,-124.2804
CC(C)C1=NN=C2CCC(CN12)NC(=O)C3CC4CC4C3,-100.2446
O=C(c1ncon1)N1CCOC[C@@]2(C1)CN(C(=O)[C@H]1CCCS1(=O)=O)CCO2,-120.6797
CN(C)C(=O)C=1C=CC(=NC1)NCC=2C=CC(=C(F)C2)N3C=CN=C3,-111.6213
CNC(=O)CC(=O)N1CC[C@H](CNC(=O)C[C@@H]2NC(=O)NC2=O)[C@H]1c1cccnc1,-125.6684
CCN1CCN(C[C@@H](C)CNC(=O)C(=O)N2CCN(c3cnn(C)c3)C(=O)C2)CC1,-121.7171
CC1=NOC(=N1)C2CCCN(C2)C(=O)C=3C=NN(C3)CCC(F)(F)F,-108.2075
C[C@@H](NS(C)(=O)=O)c1nnc(N2CC(=O)N(C)[C@H](C)C2)n1CCS(C)(=O)=O,-131.8249
CC(C)(NCCC#N)C(=O)N1CCO[C@@]2(COCCN(C(=O)C#CC(=O)O)C2)C1,-132.1976
CCn1cc([C@H]2CS(=O)(=O)CCN2C(=O)C(=O)NCCOCCOC)cn1,-122.3331
N=C1NCCN1CC(=O)N1CCOC[C@]2(C1)CN(C(=O)c1cccnc1)CCO2,-118.4235
O=C1C[C@H](C(=O)N2CCO[C@@]3(COCCN(C(=O)CN4CCCCC4=O)C3)C2)CN1,-119.0035
CC[C@H](NC)C(=O)N1CCO[C@@]2(COCCN(C(=O)CNCP(=O)(O)O)C2)C1,-115.3776
Cc1ccc(S(=O)(=O)NCCNC(=O)C(=O)N(C)CCS(C)(=O)=O)s1,-116.105
COC[C@H](NC(C)=O)C(=O)N1CCO[C@]2(COCCN(C(=O)CNC(C)=O)C2)C1,-113.2423
CN(C)C(=O)C(=O)N1CCOC[C@]2(CN(C(=O)C[C@](C)(O)CC(=O)O)CCO2)C1,-117.251
N=C(N)NCC(=O)N1CCO[C@]2(COCCN(C(=O)c3cc4ccccn4n3)C2)C1,-126.8195
C[C@@H](NS(=O)(=O)c1ccc(C(N)=O)cc1)C(=O)N1CCC[C@H](S(N)(=O)=O)C1,-124.1802
COc1cc(C(=O)N[C@@H]2[C@H]3COC[C@@H]2CN(C(=O)CC[C@@H](N)C(N)=O)C3)n(C)n1,-123.7544
COc1ccc(C(=O)N[C@@H]2[C@H]3COC[C@@H]2CN(C(=O)[C@@H](C)n2cnnn2)C3)nn1,-136.5175
NC[C@H](N)C(=O)N1CC[C@H]2CO[C@@H](CNC(=O)[C@@H]3CC[C@H]4CCC(=O)N4C3)[C@H]2C1,-107.8315
CN[C@@H](CC(=O)NC[C@@H]1OC[C@@H]2CCN(C(=O)CNC(=O)OC)C[C@@H]21)C(=O)O,-113.4442
Nc1n[nH]c(CCC(=O)N2CCO[C@@]3(COCCN(C(=O)c4cnc(O)[nH]4)C3)C2)n1,-141.4826
C[C@H](C(=O)N1C[C@@H]2COC[C@H](C1)[C@@H]2NC(=O)Cn1ccncc1=O)n1cnnn1,-151.9811
COCCNC(=O)CNC(=O)C(=O)N1CCc2cc(S(=O)(=O)N(C)C)ccc21,-126.7904
CC1=C(C=NN1C=2C=CC=CC2F)C(=O)N(C)C(C)C=3C=CC=CC3,-110.9231
C[C@](O)(CC(=O)O)CC(=O)N1CC[C@H]2OCCC[C@@]2(CNC(=O)CNC(N)=O)C1,-119.2551
COC(=O)[C@@H]1CNC(=O)CN1S(=O)(=O)c1cccc(S(=O)(=O)N(C)C)c1,-115.8685
COCCC(=O)N1CCOC[C@@]2(C1)CN(C(=O)Cn1cc(C)c(O)nc1=O)CCO2,-114.9673
O=C(Cn1cnnn1)N1CCN(C(=O)NCCc2nnnn2-c2ccccc2)CC1,-148.5096
Cn1cc(S(=O)(=O)N2CCCC[C@@H]2C(=O)N2CCOCC2)c(=O)n(C)c1=O,-110.4413
CNS(=O)(=O)c1ccc(C)c(NC(=O)C(=O)N2CCN3C(=O)C(=O)NC[C@@H]3C2)c1,-110.5901
"CN1C=C(C=N1)[C@@H]2CN(C[C@H]2CO)C(=O)CCCC3=NC=CS3 |&1:6,10,r|",-120.4723
CC=1C=CC=C(C1)NC=2N=CN=C3C2C=NN3C,-103.1982
CS(=O)(=O)N1CCC(NC(=O)[C@@H]2CC(=O)N([C@@H]3CCS(=O)(=O)C3)C2)CC1,-109.9916
CCNC(=O)N[C@H](C)C(=O)N1CCO[C@@]2(CCN(C(=O)[C@@H](C)n3cnnn3)C2)C1,-130.5755
CC(=O)C(=O)N1CCOC[C@]2(C1)CN(C(=O)c1cn3[nH]cnc(=O)c3c1C)CCO2,-111.6311
C[C@H](CN)C(=O)N1CCO[C@]2(COCCN(C(=O)CN(C)C(=O)C(=O)O)C2)C1,-125.9868
NC(=O)NCC(=O)N1CCCC[C@@H]1c1cc(NC(=O)[C@@H](O)N2CCOCC2)n[nH]1,-142.2482
CN1C(=O)C=C(CNC(CC=2C=CC=CC2)C=3C=CC=CC3)N(C)C1=O,-116.4479
O=C1CN(CC(=O)N2C[C@@H]3COC[C@H](C2)[C@@H]3NC(=O)CN2CCCCC2=O)C(=O)N1,-115.1028
CNS(=O)(=O)C=1C=CC=2CCN(C(=O)[C@H]3C[C@@H](CN3)OC)C2C1,-104.5703
C=CC(=O)N[C@H](C)C(=O)NC1CCN(C2CCN(C(=O)CNC(N)=O)CC2)CC1,-123.6409
CCN1C(=O)NN=C1[C@@H]2C[C@@H](CN2CC=CC=3C=CC=CC3)OC,-112.987
CC(=O)NC=1C=CC(=CC1)NC(=O)C2=CSC(=N2)C3=CC=CS3,-118.5712
CN1CCOC(CNC(=O)C(C)(C)OC=2C=CC=C(Cl)C2)C1,-100.8806
COCCn1nc(C(=O)N2[C@H]3CC[C@@H]2C[C@H]3NC(=O)[C@H]2C[C@H]2C(N)=O)ccc1=O,-138.3049
CC(C)NS(=O)(=O)NCCNC(=O)C(=O)Nc1cnn(C[C@H]2CCCO2)c1,-101.0183
CCS(=O)(=O)N(C)C1CCN([C@H](C)C(=O)c2c(N)n(C)c(=O)n(C)c2=O)CC1,-125.1691
CC(NC(=O)[C@@H]1CC=CC[C@@H]1C(=O)O)C=2C=CC(=CC2)N3C=CC=N3,-110.5869
COC[C@@H]1CN(c2nnc([C@H](C)NS(C)(=O)=O)n2C[C@@]2(O)CCOC2)CCO1,-123.5328
C[C@@H](C(=O)N1C[C@@H]2COC[C@H](C1)[C@@H]2NC(=O)[C@@H](O)N1CCOCC1)n1ccnc1,-106.3707
C[C@@H]1CN(C(=O)c2ccc(S(=O)(=O)NCC(N)=O)o2)CCN1CC(C)(C)O,-111.912
COCCC(NC(=O)C1=CC(=NN1C)C=2C=CC(=CC2)OC)C3=CN=CC(F)=C3,-115.7535
CC(C)(C)OC(=O)N[C@H](CCN)C(=O)N1CC2(CCCN2C(=O)CNC(=N)N)C1,-120.7893
COCCOCC(=O)NC1CCN(C2CCN(C(=O)Cn3cnnn3)CC2)CC1,-115.364
O=C(Cn1cnnn1)N1CCO[C@@]2(COCCN(C(=O)c3cc(CO)on3)C2)C1,-140.1451
CC(NC(=O)COCC1=NC=2C=CC=CC2S1)C=3C=NC=CN3,-118.3407
O=C(NC=1C=CC=C(C1)C(=O)N2CCCCCC2)C3=CC=CS3,-115.8592
CCOC(=O)N[C@H](O)C(=O)N[C@@H]1[C@H]2COC[C@@H]1CN(C(=O)[C@H]1CCNC(=O)C1)C2,-121.3363
CC1(CCCC=2C=CC=CC21)NC(=O)CC3=CNC4=NC=CC=C34,-109.7983
C[C@H](C(=O)N1CCO[C@]2(COCCN(C(=O)C#CC(=O)O)C2)C1)N1CCN(C)CC1,-110.5405
CNC(=O)CC(=O)N1CCC(N2CCC(NC(=O)CC[C@H](N)C(N)=O)CC2)CC1,-124.0981
CC=1C=C2C=CNC2=CC1NC(=O)N3CCC=4C=C(Cl)C=CC4C3,-107.9761
Nc1nc2c(nc(I)n2[C@@H]2O[C@H](CO)[C@@H](O)[C@H]2O)c(=O)[nH]1,-117.7153
O=C(O)C1CN(CCO1)C(=O)CCC2=NC=C(O2)C=3C=CC(F)=CC3F,-141.2765
CN(CC(=O)NC[C@@H]1OC[C@@H]2CCN(C(=O)[C@@H]3CCC(=O)N3C)C[C@@H]21)C(=O)C(=O)O,-128.5765
NC(=O)[C@H](N)CCC(=O)N[C@@H]1[C@H]2COC[C@@H]1CN(C(=O)CN1CC(=O)NC1=O)C2,-121.1543
CN[C@H](CC(=O)NC[C@@H]1CCN(C(=O)Cn2cnnn2)[C@@H]1c1cccnc1)C(=O)O,-139.6166
CO[C@H](C)C(=O)Nc1cccc(NC(=O)C(=O)N2CCN3C(=O)C(=O)NC[C@H]3C2)c1,-125.6706
CC1=CC=C(CNC(=O)C2=CC(=NO2)C=3C=CC=CC3)C(=O)N1C,-118.8569
N=C1NCCN1CC(=O)N1CCOC[C@]2(C1)CN(C(=O)[C@H]1CCC(=O)NC1)CCO2,-125.8449
Cc1nc(CC(=O)N2C[C@@H]3COC[C@H](C2)[C@@H]3NC(=O)CNCP(=O)(O)O)no1,-138.2052
NC(=O)NCC(=O)N1CC[C@]2(C1)CN(C(=O)c1cc3n(n1)CCNC3=O)CCO2,-122.1142
CCC1=NC(=CS1)CS(=O)(=O)CC(=O)NC=2C=CC=3CCCC3C2,-107.9372
N=C1NCCN1CC(=O)N1C[C@@H]2COC[C@H](C1)[C@@H]2NC(=O)CCc1cncnc1,-139.3745
Cn1cc(S(=O)(=O)NCCOC(=O)C2=CN3CCS(=O)(=O)N=C3C=C2)cn1,-115.3713
COC=1C=CC(Br)=CC1C2CCCN2C(=O)C=3C=NC=NC3,-109.7796
NC(=O)[C@@H](N)CCC(=O)N1C[C@@H]2COC[C@H](C1)[C@@H]2NC(=O)[C@H](O)c1ccccc1,-119.892
O=C(C(O)O)N1CCO[C@@]2(COCCN(C(=O)[C@H]3ON=C(c4ccccc4)O3)C2)C1,-133.0958
CCOC=1C=CC(=CC1)C2CCCN2C(=O)CC(=O)NCC(F)(F)F,-117.5856
Cc1nccn1[C@H](C)C(=O)N1CCOC[C@@]2(CN(C(=O)CNC(N)=O)CCO2)C1,-115.2466
N#CC1(C(=O)N2CCO[C@@]3(COCCN(C(=O)CN4CCNC4=N)C3)C2)CCC1,-129.8519
NC(=O)COc1cccc(C(=O)N2CCN(C(=O)C(=O)N3CCOCC3)CC2)c1,-126.3774
CC1CCN(CCCNC(=O)C(=O)N2CCN(C(=O)Cn3cnnn3)CC2)CC1,-111.9755
COCC=1C=CC(OC)=C(C1)S(=O)(=O)N[C@H](CC=2C=CC=CC2)C(=O)O,-110.2684
O=C(O)C=1C=CC=CC1NS(=O)(=O)C=2C=CC(F)=CC2,-111.3361
CN1CC(=O)N(CC(=O)NC[C@@H]2CCC[C@@H]2NC(=O)CN2C(=O)CN(C)C2=O)C1=O,-130.6692
C[C@@](O)(CC(=O)O)CC(=O)N1CC[C@H]2CO[C@@H](CNC(=O)[C@H]3CNC(=O)C3)[C@H]2C1,-111.3177
O=C(Cn1cc([N+](=O)[O-])cn1)N1CC2(CCCN2C(=O)CN2C(=O)C=CC2=O)C1,-129.7758
COC(=O)CCC(=O)NC[C@@H]1OC[C@@H]2CCN(C(=O)CN3CC(=O)NC3=O)C[C@@H]21,-121.902
NC(=O)NC(CO)C(=O)N1CCC(CC1)C=2C=CC=C(F)C2,-106.6602
Cn1cnc(C(=O)N2C[C@@H]3COC[C@H](C2)[C@@H]3NC(=O)c2cc(=O)n3[nH]nnc3n2)c1,-139.2977
CN(CC(=O)N1CC[C@H]2CO[C@@H](CNC(=O)c3c[nH]c(=O)cn3)[C@H]2C1)C(=O)C(=O)O,-140.5457
Cn1cc(S(=O)(=O)N2CCOCC2)cc1C(=O)NS(=O)(=O)[C@@H]1CCOC1,-111.6368
NS(=O)(=O)c1cc(Br)cnc1N1CCN2C(=O)C(=O)NC[C@@H]2C1,-117.9675
NC(=O)C1CCC(CNC(=O)N2CCC(CC2)C3=NC4=CC=CC=C4S3)O1,-99.6378
COC[C@H](NC(C)=O)C(=O)N1CC[C@H](CNC(=O)[C@@H](N)CN)[C@H]1c1cccnc1,-137.4817
O=C(NC1=NC=C(S1)C=2C=CC(Cl)=CC2)C3(CCOCC3)C(F)(F)F,-95.5493
O=C(NCC1=CC=CC(=O)N1)C=2C=CC=3C(=O)OC(CC3C2)C=4C=CC=CC4,-135.5748
NC(=O)NCC(=O)N1CCC(N2CCC(NC(=O)c3cnc(O)nc3O)CC2)CC1,-137.9323
CC(C)C=1N=CC=C(N1)N2CCC(CO)(CC=3C=CC(F)=CC3)C2,-104.77
O=C1NC(=O)[C@@H](CC(=O)N2CCOC[C@]3(C2)CN(C(=O)c2ccns2)CCO3)N1,-111.0419
CNC1=NC(=CS1)C(=O)N[C@H](C(=O)N2CCCC2)C(C)C,-117.8564
COc1cc(NC(C)=O)ccc1NC(=O)C(=O)N1CCN2C(=O)C(=O)NC[C@@H]2C1,-128.2039
O=C(C=1C=CC=2OCOC2C1)N(CC3=CC=CS3)CC4=CC=CS4,-127.7683
NC[C@H](N)C(=O)N1CCO[C@]2(COCCN(C(=O)c3cn4cc(F)ccc4n3)C2)C1,-118.7387
CC(NC(=O)C=1C=CC=C(F)C1CNC(=O)OC(C)(C)C)C=2C=CC=C(C2)OC(F)F,-132.7951
O=C1NC(=O)[C@H](CC(=O)N2CC[C@H]3CO[C@@H](CNC(=O)c4cnc(O)[nH]4)[C@H]3C2)N1,-143.7738
O=C(NC1CC2CC2C1)C=3N=C(N=CC3Br)C4CC4,-112.7607
C[C@@H](CN1CCOCC1)N(C)CC(=O)N1CCN(CC(=O)N2CCOCC2)CC1,-112.0728
O=C(C=1N=CC=C2NC=CC12)N3CCC(CC3)C4=NC5=CC(F)=CC=C5S4,-110.1497
CN1C(=O)CC[C@H]1C(=O)N[C@@H]1[C@H]2COC[C@@H]1CN(C(=O)c1cc(O)nc(O)n1)C2,-130.7483
O=C(N[C@@H]1C[C@@H]2CC[C@H](C1)N2C(=O)Cn1ccncc1=O)c1cc(=O)n2[nH]cnc2n1,-131.8755
O=C(CN1CCOC1=O)N[C@@H]1[C@H]2COC[C@@H]1CN(C(=O)Cn1ccncc1=O)C2,-123.6834
CCc1cc(C(=O)N2C[C@@H]3COC[C@H](C2)[C@@H]3NC(=O)CN(CCO)CCO)nn1C,-126.354
COC=1C=CC(=CC1)CC2CCCN2C(=O)CN,-92.8913
CC=1C(F)=CC(=CC1C(=O)N2CC(CO)(C2)C=3C=CC=CC3)S(N)(=O)=O,-127.7935
CON(C)S(=O)(=O)C=1C=CC(=CC1)C(=O)NC2=NC(=CS2)C=3C=CC=4NC(=O)CCC4C3,-113.1694
O=C1CN(CC(=O)N2CCO[C@@]3(CCN(C(=O)[C@@H]4C[C@H]5CC[C@@H]4O5)C3)C2)C(=O)N1,-105.1672
COC=1C=CC(=CC1)C=2NC=3C=CC=CC3C2CCC(=O)NCC4=CC(=O)N=C(N4)SC,-145.4986
NC(=O)CCC(=O)N1CCOC[C@@]2(C1)CN(C(=O)CNC(=O)c1ccco1)CCO2,-132.5948
O=C1CN(CC(=O)N[C@@H]2C[C@@H]3CC[C@H](C2)N3C(=O)c2cccc(=O)n2O)C(=O)N1,-122.4403
COC[C@H](NC(C)=O)C(=O)N1CCO[C@]2(CCN(C(=O)[C@@H]3CCNC(=O)C3)C2)C1,-109.4278
O=C1CC(C(=O)N2CCO[C@]3(COCCN(C(=O)C[C@H]4NC(=O)NC4=O)C3)C2)=NN1,-120.7446
BrC=1C=CC(=CC1)C2=NNC=C2CN3CCN(CC3)C4CCOCC4,-111.6539
CN1N=CC=C1C(=O)NC=2C=CC=3NC(=NC3C2)C(F)F,-112.1049
COCC1=CC=C(O1)C2COCCN2C(=O)NC=3C=CN=CC3,-110.2886
CCC1C(=O)NCCN1C(=O)C=2C=CC=C(C2)C=3C=NC=4NC(=O)N(C)C4C3,-137.4952
CNC(=O)[C@@H]1CN(c2nnc([C@@H]3CCC(=O)N3)n2CCCS(C)(=O)=O)CCO1,-120.2434
CCC1=NOC(C)=C1C(=O)NC(C=2C=CC=CC2)C=3C=CC(=CC3)OC,-145.0031
COC(=O)CN(CCN1CCN(C)CC1)C(=O)c1cc(N2CCNC(=O)C2)ccn1,-122.7493
CC(=O)N1C[C@@H]2C[C@H]1CN2C(=O)C(OCC3CCCC3)C=4C=CC=CC4,-107.2339
NC(=O)[C@H](N)CCC(=O)N1CCC([C@@H]2CCCCN2C(=O)CC[C@@H](N)C(N)=O)CC1,-131.3693
CN1CCN(CC(=O)N2CCO[C@@]3(COCCN(C(=O)[C@@H]4C=CCN4)C3)C2)CC1,-111.857
CC=1C=C(C)N2N=CC(C(=O)NCCC=3C=CC(Cl)=CC3)=C2N1,-121.6945
CC(=O)N1CCN(S(=O)(=O)NC(=O)CCN2C(=O)NC3(CCCC3)C2=O)CC1,-115.2608
Cn1ccc(CC(=O)N2CCOC[C@@]3(C2)CN(C(=O)[C@@H](N)CCC(N)=O)CCO3)n1,-118.9083
N=C1NC(=O)[C@H](CC(=O)N2CCN(S(=O)(=O)c3ccc(C(N)=O)o3)CC2)S1,-118.2459
CC1=NC=CN1C=2C=CC(=CN2)NC(=O)C3=CN=C(O3)C4CCNCC4,-119.072
COc1cnc(C(=O)N2CCOC[C@@]3(CN(C(=O)COCCO)CCO3)C2)cn1,-112.1595
O=C(CN1C(=O)CCC1=O)N1CCN(C(=O)NC[C@H]2CN3CCC[C@@H]3CO2)CC1,-113.9704
O=C(NCC(=O)N1CC[C@H]2[C@@H]1CCN2C(=O)CN(CCO)CCO)c1cccs1,-118.3331
O=C(CC1=CSC(COC=2C=CC(Cl)=CC2)=N1)N3C4CCC3C(=O)NC4,-108.2783
COC=1C=CC(=CC1)CCC(=O)N2CCCN(CC2)C(=O)C3=COC(=N3)C4CC4,-103.8645
O=C(C[C@H]1NC(=O)NC1=O)NC[C@@H]1OC[C@@H]2CCN(C(=O)Cc3cnccn3)C[C@@H]21,-122.0857
O=C1CC[C@H](C(=O)N2CC[C@H]3[C@@H]2CCN3C(=O)c2cc3n(n2)CCNC3=O)CN1,-126.5765
CCCCNC(=O)C(C#N)=c1sc(=Cc2c(C)cnn2C)c(=O)n1CC(N)=O,-127.2021
C[C@H](O)CO[C@H]1O[C@H](CO)[C@H](O[C@@H]2O[C@H](CO)[C@H](O)[C@H](O)[C@H]2O)[C@@H](O)[C@H]1O,-131.6666
CC(=O)C[C@@H](C)C(=O)N1CCOC[C@]2(CN(C(=O)CN3C(=O)C=CC3=O)CCO2)C1,-110.0245
Cc1cc(C(=O)N2CC[C@H]3CO[C@@H](CNC(=O)CN(C)C(=O)C(=O)O)[C@H]3C2)n[nH]1,-126.2424
O=C(NCC1=NC=2C=CC=CC2O1)C=3C=C(N=C4ON=C(C=5C=CC=CC5)C34)C6CC6,-128.195
O=C(Cc1ccc2ncnn2c1)N[C@@H]1[C@H]2COC[C@@H]1CN(C(=O)[C@@H]1CNC(=O)O1)C2,-116.2296
Cc1nc(C(=O)N2CCO[C@]3(COCCN(C(=O)CNC(=N)N)C3)C2)c(=O)[nH]c1C,-119.8533
CC1CCN(CC1)S(=O)(=O)C2=CC=C(S2)C(=O)NC=3C=NN(C)C3,-99.9233
"O=C(C1=CN=C(CC=2C=CC(F)=CC2)S1)N3CC[C@H]4CNC[C@H]43 |&1:18,22,r|",-105.3276
"O=S1(=O)C[C@H]2CC[C@H](C2)N1CC3=CN(N=N3)C=4C=CC=CC4 |&1:4,7,r|",-101.0737
CC1=CN2N=C(NCC=3C=CC(=CC3)CN4C=NC=N4)SC2=N1,-118.2846
C[C@@H](O)[C@H](NC(=O)C1CC1)C(=O)NCCC(=O)N1CCN(c2ncccn2)CC1,-117.8604
CC1=NN(C)C=2N=CC(=CC12)S(=O)(=O)NC3=CC=NN3CC=4C=CC(C)=CC4,-131.6228
COC(=O)C1(C(=O)N2CC[C@]3(CN(C(=O)CN4C(=O)C=CC4=O)CCO3)C2)CC1,-119.5653
CC=1C=CC=C(C1)OC=2C=CC(=CC2)NC(=O)C3CCS(=O)(=O)C3,-116.9519
CCOC(=O)N[C@H](O)C(=O)NC[C@@]12CCCO[C@@H]1CCN(C(=O)CNC(N)=O)C2,-147.519
Cc1cn(CC(=O)N2C[C@@H]3COC[C@H](C2)[C@@H]3NC(=O)c2ccnn2C)c(=O)nc1O,-122.0161
COC[C@@H](NC(C)=O)C(=O)N1CC2(CCCN2C(=O)[C@H]2CCCS2(=O)=O)C1,-114.6311
Cn1cc(S(=O)(=O)N2CCC[C@H](CNS(=O)(=O)C3CC3)C2)c(=O)n(C)c1=O,-135.8845
NC(=O)[C@H](N)CCC(=O)N1CCO[C@@]2(COCCN(C(=O)c3ccc(CO)o3)C2)C1,-115.1662
O=C(CN1CCOC1=O)N1CCOC[C@]2(C1)CN(C(=O)c1cnc(O)[nH]1)CCO2,-135.7626
C[C@@](O)(CNC(=O)NCCNS(=O)(=O)c1cccnc1)CN1CCOCC1,-133.6787
CN1N=CC=C1C2CCN(CC2)C(=O)CC3=CC=C4C=NNC4=C3,-119.1494
CC=1C=NC=C(C1)S(=O)(=O)N2CCCC(C2)C3=CNN=N3,-119.4048
CN[C@H](CC(=O)N1CCO[C@]2(CCN(C(=O)c3cc(=O)ccn3C)C2)C1)C(=O)O,-114.3266
O=C1C[C@@H](C(=O)N2CCO[C@@]3(COCCN(C(=O)c4ccncc4O)C3)C2)CN1,-129.5903
CN(CCS(C)(=O)=O)c1nnc([C@H]2CCOC2)n1C[C@@]1(O)CCS(=O)(=O)C1,-126.7385
CC1=NC(=NC(C)=C1CC(C)C)N2CCN3C(=NN=C3C2)C=4C=CC=CC4,-130.9001
COC(=O)c1ncn(CN2CCN(S(=O)(=O)N3C[C@H](C)O[C@H](C)C3)CC2)n1,-110.7168
CCS(=O)(=O)C=1C=CC=CC1C(=O)NCC=2C=CC=CC2CN(C)C(C)C,-111.8594
Cn1cnn(CC(=O)NC[C@@H](CC(C)(C)C)NC(=O)Cn2ncn(C)c2=O)c1=O,-125.9311
O=C(CN1CC=2C=CC=CC2C1=O)N3CCN4C=CN=C4C3,-105.4368
COC[C@H](NC(C)=O)C(=O)N1CCCC12CN(C(=O)CN(CCO)CCO)C2,-134.515
CNC(=O)NC(=O)CN1CCN(S(=O)(=O)c2ccc(S(N)(=O)=O)cc2)CC1,-98.5528
Cc1ccc(S(=O)(=O)N(C)CC(=O)NNC(=O)[C@H](C)NS(C)(=O)=O)cc1,-122.7521
C[C@H](NS(C)(=O)=O)c1nnc(N2CCS(=O)(=O)CC2)n1CCC(=O)N(C)C,-128.9744
CC1=CC(=O)C(=NN1C=2C=CC=CC2)C(=O)NCC(=O)N3CCCC3,-128.8122
C[C@@H](CN1CCOCC1)C(=O)N1CCN(S(=O)(=O)[C@H]2CCS(=O)(=O)C2)CC1,-105.2211
CS(=O)(=O)CC(=O)N1CCOC[C@]2(CN(C(=O)Cn3ccnc3)CCO2)C1,-121.4696
C[C@H]1CC(=O)N[C@@H](C(=O)N[C@@H]2C[C@H]3CC[C@@H]2N3C(=O)c2cn(CC(N)=O)nn2)C1,-145.7338
CN1C=NN=C1C2CCCN2C(=O)C3=CC(O)=NN3C=4C=CC=CC4F,-122.4937
N=C(N)SCC(=O)N1CCOC[C@@]2(C1)CN(C(=O)CSC(=N)N)CCO2,-107.3333
O=C(C=1C=NC=2C=COC2C1)N(CC3=CC=CC=N3)CC=4C=CC=CN4,-124.4051
O=C(C=1C=CC(=CC1)C=2C=CC=CC2)N3CCCC3C4(N=N4)C(F)(F)F,-113.6236
CN1CCC(N2CC[C@@H](NC(=O)C(=O)N[C@@H]3CCN(c4cnn(C)c4)C3=O)C2)CC1,-128.5814
CN(CC(=O)NCCS(=O)(=O)NC[C@H]1CCCCO1)[C@H]1CCS(=O)(=O)C1,-115.6468
O=C(NCC=1C=CC(=CC1F)C2CC2)N3CCCC(C3)N4C=C(CO)N=N4,-137.129
CN(C)CCC(=O)N1CCO[C@@]2(COCCN(C(=O)c3cc(O)nc(O)n3)C2)C1,-127.7498
COC=1C=CC=CC1C2=CC(=NN2)NC(=O)C=3N=CC=C(N3)C=4C=CC=CC4,-144.8698
O=C(NCC(=O)N1CCOC[C@]2(C1)CN(C(=O)[C@@H]1C=CCN1)CCO2)c1ccco1,-137.5225
C[C@H](C(=O)N1CC[C@H]2CO[C@@H](CNC(=O)[C@H]3CNC(=O)C3)[C@H]2C1)N1CCN(C)CC1,-116.34
COC[C@H](C)NS(=O)(=O)c1ccc(NC(=O)C(=O)N2C[C@@H](O)[C@H](O)C2)cc1,-131.6558
CC(C)N1CCC[C@H]1C(=O)N1CCOC[C@]2(CN(C(=O)CNC(N)=O)CCO2)C1,-119.1952
COC(=O)[C@@H]1CCCN(S(=O)(=O)c2cn(C)c(=O)n(C)c2=O)[C@H]1C(=O)OC,-115.3137
C[C@H]1CCC[C@H](NC(=O)CN2CCN(C(=O)C(=O)NCCS(C)(=O)=O)CC2)C1,-115.2965
O=C1CC(C(=O)N2CCO[C@]3(COCCN(C(=O)CN4C(=O)C=CC4=O)C3)C2)=NN1,-137.3824
CN(C[C@H](O)CN1CCOCC1)C(=O)C(=O)N[C@@H]1CCCN(c2cnn(C)c2)C1,-125.043
Cc1ncc(C(=O)N2CC[C@H]3CO[C@@H](CNC(=O)CC[C@H](N)C(N)=O)[C@H]3C2)cn1,-117.6584
CN1N=CC(C(=O)NC(CO)C=2C=CSC2)=C1CC=3C=CC=CC3,-130.4998
NCCCC[C@H](NC(=O)CC[C@H](NC(=O)CC[C@H](N)C(=O)O)C(=O)O)C(=O)O,-119.9351
Cc1cc(C(=O)N2CCO[C@@]3(COCCN(C(=O)[C@@H](N)CCC(N)=O)C3)C2)no1,-143.7316
CC(C)(C)OC(=O)N[C@H](O)C(=O)N1CC[C@]2(CN(C(=O)[C@@H](N)CN)CCO2)C1,-126.9652
O=C(N[C@@H]1[C@H]2COC[C@@H]1CN(C(=O)CNCP(=O)(O)O)C2)[C@@H]1C[C@H]2CC[C@@H]1O2,-128.1746
Cc1ncc(C(=O)N2CC[C@H]3CO[C@@H](CNC(=O)CN4C(=O)CNC4=O)[C@H]3C2)[nH]1,-140.4305
CC[C@H](NC(N)=O)C(=O)N1CCO[C@@]2(CCN(C(=O)[C@@H](COC)NC(C)=O)C2)C1,-128.573
CC(=O)C(=O)NC1CCN(C2CCN(C(=O)CNCP(=O)(O)O)CC2)CC1,-116.1674
NC(=O)c1ncn(CC(=O)N2CCO[C@H](CNC(=O)[C@@H]3C[C@@H]4O[C@H]3[C@H]3C[C@@H]43)C2)n1,-118.7072
CC1=NN(CC=2C=CC(F)=CC2)C=3SC(=CC13)C(=O)NC4CC54CC(O)C5,-113.1466
Cc1cn([C@H]2C[C@@H](O)[C@H](CO[P@@](=O)(O)OP(=O)(O)O)O2)c(=O)[nH]c1=O,-125.3603
CC(=O)N1CCN(C(=O)CCNC(=O)c2cnc3c(c2)c(=O)n(C)c(=O)n3C)CC1,-122.1088
CN1N=C(C=C1NS(=O)(=O)C2=CC=3CCC(=O)NC3C=C2F)C4CCCCC4,-131.1825
COC=1C=CC=C(C1)C2(CC2)C(=O)NCCN3C=NC=4C=CC=CC43,-120.86
CNS(=O)(=O)C=1C=C(C(=O)NC2CCCCCC2)N(C)C1,-95.3773
O=C(Cn1ccccc1=O)N1CCN(S(=O)(=O)[C@@H]2CCS(=O)(=O)C2)CC1,-105.3887
O=C(CNCP(=O)(O)O)N1CCO[C@]2(COCCN(C(=O)c3cn[nH]c3)C2)C1,-119.4128
C[C@H](C[C@H]1CCCO1)NC(=O)C(=O)N1CCO[C@H](CNc2nccn(C)c2=O)C1,-124.6348
NC(=O)c1nccnc1C(=O)N1[C@H]2CC[C@@H]1C[C@H](NC(=O)CC[C@H](N)C(N)=O)C2,-129.1833
CNS(=O)(=O)N1CCC(C(=O)N[C@H]2CS(=O)(=O)C[C@H]2N2CCOCC2)CC1,-102.5066
NC(=O)c1nccnc1C(=O)N1CCO[C@@]2(COCCN(C(=O)c3cnc[nH]3)C2)C1,-136.9797
NC(=O)NCC(=O)NC[C@@H]1OC[C@@H]2CCN(C(=O)c3cc(=O)n4[nH]cnc4n3)C[C@@H]21,-116.323
CCS(=O)(=O)CC(=O)N[C@@H]1[C@H]2COC[C@@H]1CN(C(=O)CN1CCNC1=N)C2,-110.2186
COCCONC(=O)C(=O)NCCS(=O)(=O)N1CCN(c2ccccn2)CC1,-114.8333
CC1OC=2C(=CC=CC2NC1=O)C(=O)NC3COC4=CC=CC=C4C3,-113.3816
CCC1=NN=C(CN2CCCC(C2)C3=NC=4CCCC4S3)O1,-114.537
O=C(C1CC=2C=CC(F)=CC21)N3CCN(CC3)C=4N=CN=C5C=CSC45,-113.6266
CC(C)N(CC1=NC=2C=CC=CC2C(=O)N1)C(=O)CC=3C=CC=C(C3)C(F)(F)F,-125.6317
CCNC(=O)N[C@H](C)C(=O)N1CC[C@H]2CO[C@@H](CNC(=O)[C@@H]3C[C@H](O)CN3)[C@H]2C1,-116.5563
CC(C)OCC(=O)N1CCOC[C@@]2(CN(C(=O)CNCP(=O)(O)O)CCO2)C1,-117.0364
CC(C)C1=CC(=NN1C(C)(C)C)C(=O)NCCNC=2N=CC=CN2,-107.6276
NC(=O)C1CC(=NN1C=2C=CC(F)=CC2)C(=O)N3CCC4=CC=C(F)C=C43,-124.68
CS(=O)(=O)N1CCN(CCNS(=O)(=O)C2CN(C(=O)C3CCCC3)C2)CC1,-107.2482
C[C@@H](C(=O)N1C[C@@H]2COC[C@H](C1)[C@@H]2NC(=O)CNCP(=O)(O)O)n1cncn1,40.7715
COC=1C=CC(=CC1F)C=2CC(CNC(C)C(C)OC)ON2,-105.4201
Cc1nc(N)sc1C(=O)N1C[C@@H]2COC[C@H](C1)[C@@H]2NC(=O)CN1CC(=O)NC1=O,-130.2247
COC[C@H](NC(C)=O)C(=O)N[C@@H]1[C@H]2COC[C@@H]1CN(C(=O)[C@@H]1CCC(=O)N1C)C2,-106.002
C[C@H](Cn1cncn1)C(=O)N1CCOC[C@@]2(CN(C(=O)Cn3nccn3)CCO2)C1,-128.4865
Cc1nc(CC(=O)N2CCO[C@@]3(COCCN(C(=O)CN4CCNC4=N)C3)C2)no1,-121.5528
O=C(CS(=O)(=O)N1CCCC1)N[C@@H]1[C@H]2COC[C@@H]1CN(C(=O)COCCO)C2,-126.4334
Cc1noc(N)c1C(=O)N1CCO[C@@]2(COCCN(C(=O)CC[C@@H](N)C(N)=O)C2)C1,-133.1696
Cc1n[nH]c(C)c1C(=O)N1C[C@@H]2COC[C@H](C1)[C@@H]2NC(=O)[C@H](O)N1CCOCC1,-116.2199
Cn1cnc(C(=O)N2CCO[C@@]3(COCCN(C(=O)CN4CC(=O)NC4=O)C3)C2)c1,-128.6853
NC(=O)[C@H]1CC[C@H](CNC(=O)c2ccc(S(=O)(=O)N3CCNC(=O)C3)cc2)O1,-117.7394
NC(=O)CN1CCN(CC1)C(=O)C(OC=2C=CC(Br)=CC2)C=3C=CC=CC3,-116.3432
CC(=O)NCC(=O)NC[C@@H]1OC[C@@H]2CCN(C(=O)c3cc4n(n3)CCNC4=O)C[C@@H]21,-136.4829
O=C(O)c1cnncc1C(=O)N1CCOC[C@@]2(CN(C(=O)c3nc[nH]n3)CCO2)C1,-122.9078
O=C(CCn1ccnn1)N1CCOC[C@]2(C1)CN(C(=O)CN1CCOCC1)CCO2,-110.4776
COCCNC(=O)CN1CCN(C(=O)c2cc(S(=O)(=O)N(C)C)cn2C)CC1,-99.7589
CCNC(=O)C=1C=CC(=NC1)N2CCC(CC2)NC(=O)C3=CC=C(C)S3,-108.4158
Cn1cnc2c1c(=O)n(CC(=O)NS(=O)(=O)N1CCc3ccccc31)c(=O)n2C,-118.5008
Cn1cnn(CCC(=O)N2CCN(S(=O)(=O)[C@H]3CCS(=O)(=O)C3)CC2)c1=O,-118.1877
CS(=O)(=O)NCc1ccc(NC(=O)C(=O)N2CCC[C@H]2CS(N)(=O)=O)cc1,-126.8723
CC=1C=CC=CC1C(OCC(O)CNC2CCC(=O)NC32CCC3)C=4C=CC=CC4,-116.3917
CS(=O)(=O)N1CCC(CNC(=O)N2CCC[C@H]2C(F)F)CC1,-110.784
CN1CCN(C(=O)CN2CCN(S(=O)(=O)[C@@H]3CCS(=O)(=O)C3)CC2)CC1,-100.3928
CS(=O)(=O)CC(=O)N[C@@H]1[C@H]2COC[C@@H]1CN(C(=O)C[C@@H]1NC(=O)NC1=O)C2,-115.2665
CS(=O)(=O)N1CCO[C@H](c2nnc(N3CCOCC3)n2C[C@@H]2COCCO2)C1,-103.0776
CN1C=NC=2CN(CCC21)C(=O)C3=CSC(=N3)C=4C=CC(F)=CC4,-121.6541
CNC(=O)CCN(C)c1nnc([C@@H]2CCC(=O)N2)n1CCN1CCCS1(=O)=O,-119.6752
COC(OC)C(=O)N1CCOC[C@@]2(C1)CN(C(=O)[C@H](O)N1CCOCC1)CCO2,-106.8667
CNC(=O)CCCNC(=O)N1CCN(S(=O)(=O)c2ccc(C(N)=O)o2)CC1,-117.9335
COC=1C=CC=CC1C(C)(C)N2C=C(COC3CCCCO3)N=N2,-115.3013
CN1C(=O)CC[C@H]1C(=O)N1CCO[C@]2(COCCN(C(=O)[C@@H]3[C@H]4COC[C@H]43)C2)C1,-109.3013
CCOc1ccc(C(=O)N2CCO[C@@]3(COCCN(C(=O)CNC(N)=O)C3)C2)nn1,-118.1861
CSCC[C@@H](O)C(=O)N1CC[C@]2(CN(C(=O)CN(CCO)CCO)CCO2)C1,-129.1301
COC(=O)NCC(=O)N[C@@H]1[C@H]2COC[C@@H]1CN(C(=O)Cn1cc(C)c(O)nc1=O)C2,-120.9191
O=C(CN1CCOC1=O)N1CCO[C@]2(COCCN(C(=O)c3cccnn3)C2)C1,-138.6228
COC(=O)c1cn(CCNC(=O)CCN2CCN(C(=O)[C@H]3CCCO3)CC2)nn1,-112.7978
CCN(C(=O)[C@H](C)[S@@](=O)C[C@H](NC(C)=O)C(=O)OC)[C@H]1CCS(=O)(=O)C1,-107.8294
O=C(CN1CCN(C(=O)C(F)(F)C2(O)CCC2)CC1)N[C@@H]1CCS(=O)(=O)C1,-113.0824
O[C@H]1[C@H](O)[C@@H](O)[C@H](OCc2ccccc2)O[C@@H]1CO[C@@H]1OC[C@H](O)[C@@H](O)[C@@H]1O,-149.3592
CCOC(=O)N[C@H](O)C(=O)N[C@@H]1[C@H]2COC[C@@H]1CN(C(=O)CCc1ncc[nH]1)C2,-122.7596
O=C(CN1CCCC1=O)N[C@@H]1[C@H]2COC[C@@H]1CN(C(=O)c1cnc(O)nc1O)C2,-140.7221
O=C1CCCN1CC(=O)N1CCOC[C@]2(C1)CN(C(=O)CN1CCCC1=O)CCO2,-117.0149
C[C@@H](C(=O)N1CCOC[C@@]2(CN(C(=O)CN3CCNC3=N)CCO2)C1)n1ccnc1,-115.8922
NC[C@H](N)C(=O)N1CCOC[C@@]2(CN(C(=O)CNC(=O)c3cccnc3)CCO2)C1,-121.1656
CN(CC1CCC2=NC=CN2C1)C(=O)C=3C=CC=4C=CNC4C3,-116.1437
CN1CCN(CC(=O)N2CCO[C@]3(COCCN(C(=O)c4cc(O)n[nH]4)C3)C2)CC1,-128.2172
CC(C)N(CC(N)=O)CC(=O)NCC1CCCC2=CC=CC=C21,-109.3642
CC(NCC1=NN=C2CCOCCN12)C=3C=CC(=CC3)OCC=4C=CC(F)=CC4,-125.0036
CC(C)(C(=O)N1CCC(C1)C=2C=C(O)NN2)C=3C=CC=CC3,-108.2618
O=C([C@@H]1C[C@H](O)CN1)N1CCC([C@@H]2CCCCN2C(=O)[C@H](O)N2CCOCC2)CC1,-116.2392
CCOC1CC(CNC(=O)C(=O)N(C[C@H](C)O)[C@@H](C)CO)(N2CCOCC2)C1,-115.1939
CC(CC1CN(C1)C(=O)OC(C)(C)C)NC(=O)C(C)N2C=CC=N2,-102.4795
O=C(CN1CCN(C(=O)[C@H]2CCCCS2(=O)=O)CC1)N[C@@H]1CCS(=O)(=O)C1,-107.8678
NCC(=O)N1CCOC[C@]2(C1)CN(C(=O)c1cc(=O)nc3sccn13)CCO2,-117.8692
O=C(O)CC=1C=CC=CC1NC(=O)C=2C=CC(=O)N(CC=3C=CC=CC3)N2,-130.7457
COC[C@@H](NC(C)=O)C(=O)N1CCOC[C@@]2(CN(C(=O)Cn3ccnn3)CCO2)C1,-113.8578
"O=C(N[C@@H]1CCO[C@H]1C=2C=CN=CC2)C=3C=CC(=C(F)C3)C(F)F |&1:3,7,r|",-117.6144
CCN1C(C)=CC(C(=O)N2CCO[C@H](C)[C@H]2C3=NC(=NO3)C4CC4)=C1C,-121.7355
CCS(=O)(=O)CC(=O)N[C@@H]1CCc2nc(NC(=O)CNC(=N)N)sc2C1,-117.1057
COc1ccc(C(=O)OCc2nc3c(=O)n(C)c(=O)n(C)c3[nH]2)cc1S(N)(=O)=O,-143.9181
COC(=O)C=1C=C(CN(C)C(=O)C2=CC=3C=C(Br)C=CC3N2)OC1C,-114.8419
"O=C(C=1C=C(N=CN1)C(F)F)N2CC[C@H](C=3C=CC=CC3)[C@H](CO)C2 |&1:14,21,r|",-117.9831
Cc1nccn1CC(=O)N1CCO[C@]2(CCN(C(=O)CN(C)C(=O)C(=O)O)C2)C1,-117.5921
CCCN1N=C(C=CC1=O)C(=O)NCCCN2CCC3=CC=CC=C32,-124.8591
C=CCNC(=O)CNC(C)(C)C=1C=CC=C(C1)C(F)(F)F,-95.0281
O=C(Cc1cc[nH]n1)NC[C@@H]1OC[C@@H]2CCN(C(=O)[C@@H](O)N3CCOCC3)C[C@@H]21,-107.2848
CN(CC1=NN=CN1)C(=O)C=2NC=3C=CC(Br)=CC3C2Cl,-114.8802
O=C(CN1C(=O)C=CC1=O)N1CCO[C@@]2(COCCN(C(=O)[C@@H]3C[C@H](O)CN3)C2)C1,-127.4272
CN(C[C@H](O)CO)C(=O)[C@@H]1C[C@H](O)CN1S(=O)(=O)c1ccccc1[N+](=O)[O-],-116.5855
C[C@H](C(=O)N1CC[C@]2(CN(C(=O)c3c[nH]c(=O)cn3)CCO2)C1)N1CCN(C)CC1,-110.8465
C=CCN1C(=O)C(=O)N(CC(=O)N2CCN(C(=O)C(=O)N3CCCC3)CC2)C1=O,-118.2631
CC(C)CNC(=O)C(=O)N1CCOC[C@@]2(CN(C(=O)Cn3cnnn3)CCO2)C1,-113.0242
O=C1CN(C(=O)C(=O)Nc2cnn(CC(=O)N3CCOCC3)c2)[C@@H]2CCCC[C@@H]2N1,-122.6976
CC=1N=NNC1NC(=O)C(C)N2C(=O)C3CCCCC3C2=O,-135.4244
CSCC[C@H](O)C(=O)N1CC[C@]2(CN(C(=O)CN(C)C(=O)C(=O)O)CCO2)C1,-121.038
CC=1C=C(C=CC1F)C=2N=NN(CCN3CCOC(C)C3)N2,-100.6517
Cc1cnoc1C(=O)N1CCO[C@@]2(COCCN(C(=O)CN3C(=O)CNC3=O)C2)C1,-122.4583
CC(=O)N1CCN(S(=O)(=O)c2ccc(C(=O)N3CC(=O)N(C)C(=O)C3)cc2)CC1,-121.3116
O=C1CC[C@@H](C(=O)N2CCO[C@]3(COCCN(C(=O)CN4C(=O)C=CC4=O)C3)C2)N1,-125.7069
CCCN(C(=O)[C@H](C)OC(=O)CNC(=O)CNC(C)=O)[C@H]1CCS(=O)(=O)C1,-114.3064
C[C@H](CS(C)(=O)=O)C(=O)N1CCO[C@@]2(COCCN(C(=O)CNC(N)=O)C2)C1,-115.9249
CCC=1ON=C(C)C1CNC(=O)NC2=CN(C)N=C2C(F)(F)F,-103.2983
CC(C)(C)CNC(=O)CN1C=C(N=N1)C=2C=CC(=CN2)C(F)(F)F,-103.2385
CN1CCCC1C(=O)N2CCN(CC2)C(=O)C=3C=CNC(=O)C3,-104.0329
CC(C)(C)C(=O)NCC=1C=CC(=CC1)C(=O)N2C3CC2COC3,-97.4717
Cn1cnn(CCC(=O)OCC(=O)N2CCN([C@H]3CCS(=O)(=O)C3)CC2)c1=O,-110.2142
Cc1nc(CC(=O)N2CCO[C@]3(COCCN(C(=O)c4cnnn4C)C3)C2)no1,-126.0551
COC1=CC=CC(OC)=C1S(=O)(=O)N2CCC(C(=O)O)C=3C=CC=CC32,-112.3423
CN1CCCn2nc(C(=O)N3C[C@@H]4COC[C@H](C3)[C@@H]4NC(=O)CNC(=N)N)cc2C1,-121.8535
CC[C@H](CO)N1CCN(C(=O)C(=O)Nc2ccc(N3CCNC(=O)C3)nc2)CC1,-113.4178
CNS(=O)(=O)[C@@H]1CCCN(C(=O)NCCN2CCN(S(C)(=O)=O)CC2)C1,-118.2139
Cn1cnc2c1c(=O)n(CC(=O)NC[C@@H](N1CCOCC1)C(F)(F)F)c(=O)n2C,-122.4591
CC1=CC(C)=NN1C(C)C(=O)N2CCCN(CC3=NOC(=N3)C(C)(C)C)CC2,-101.0758
CC=1C=C(Cl)C(Cl)=CC1S(=O)(=O)N2CCN(C)CC2,-90.256
C=CCCC=1C=CC(=CC1)S(=O)(=O)NC=2C=CC=3OC(=O)C=C(O)C3C2,-128.231
O=C(CSc1nc[nH]n1)N1CC[C@@]2(C1)CN(C(=O)Cn1ccncc1=O)CCO2,-127.8118
CC(=O)OC[C@H](OC(C)=O)C(=O)N1CCCC12CN(C(=O)C[C@@H]1NC(=O)NC1=O)C2,-115.7976
O=C1CN(C(=O)C(=O)N[C@@H]2CCCN(c3cc(N4CCOCC4)ncn3)C2)CCN1,-144.7445
CCN(C)[C@H](C)C(=O)N1CC[C@H]2CO[C@@H](CNC(=O)[C@H](O)N3CCOCC3)[C@H]2C1,-96.2149
CN(CC(=O)N[C@H]1CCS(=O)(=O)C1)S(=O)(=O)C1CCS(=O)(=O)CC1,-102.1728
O=C(CNS(=O)(=O)c1cccnc1)NCCS(=O)(=O)NC[C@@H]1CCCCO1,-105.8303
N[C@H](C(=O)NC[C@@H]1OC[C@@H]2CCN(C(=O)Cn3cnnn3)C[C@@H]21)c1ccccn1,-126.9407
Nc1n[nH]c(CCC(=O)N2CCOC[C@@]3(C2)CN(C(=O)[C@H]2CCCO2)CCO3)n1,-118.6222
O=C(CN1CCSCC1)N1CCO[C@]2(CCN(C(=O)CN3C(=O)C=CC3=O)C2)C1,-138.2796
COC(=O)C[C@@H]1C(=O)NCCN1C(=O)Cn1cc(Br)c(O)nc1=O,-104.4939
CN(CCCNC(=O)COC(=O)c1cn(CC2(C)COC2)nn1)S(C)(=O)=O,-123.8073
Cc1cc(C(=O)N[C@H]2CS(=O)(=O)C[C@H]2N2CCOCC2)ccc1S(N)(=O)=O,-103.9437
CC(=O)NC(C)(C)C(=O)N1CC[C@H]2CO[C@@H](CNC(=O)CN3C(=O)C=CC3=O)[C@H]2C1,-136.8589
NC(=O)C(=O)N[C@@H]1CCC(=O)N[C@H]1C1CCN(C(=O)[C@@H]2C[C@@H]3O[C@H]2[C@H]2C[C@@H]32)CC1,-112.5098
NC(=O)[C@@H](N)CCC(=O)Nc1nc2c(s1)C[C@H](NC(=O)[C@@H]1CNC(=O)O1)CC2,-111.4049
C=1N=CN(N1)C=2C=CC(=CC2)CNC3CCCN(C3)C4=CC=CN=N4,-125.9109
C[C@H](NC=O)C(=O)N1CCO[C@]2(COCCN(C(=O)CNCP(=O)(O)O)C2)C1,-118.9421
Cc1[nH]nc(C(=O)N2C[C@@H]3COC[C@H](C2)[C@@H]3NC(=O)[C@@H](O)N2CCOCC2)c1F,-120.4918
COCCO[C@H]1COCC[C@H]1NC(=O)C(=O)N1CCN(c2cnn(C)c2)C(=O)C1,-113.7037
CC(=O)C[C@@H](C)C(=O)N1CC[C@@]2(CN(C(=O)c3cc(=O)n4[nH]nnc4n3)CCO2)C1,-127.6941
CCN1CCN(CC(=O)NCCNS(=O)(=O)c2sc(O)nc2C)C(=O)C1=O,-127.451
N=C(N)NCC(=O)N1CC[C@H]2OCCC[C@@]2(CNC(=O)Cn2ccncc2=O)C1,-131.0578
CCCC(C)NC(=O)CS(=O)(=O)CC1=CSC(=N1)C=2C=CC(=CC2)C(C)C,-127.6256
CCC(NC(=O)CNC(=O)C1CC(=O)N(C)C1C=2C=NN(C)C2)C=3C=CC=CC3,-114.3601
CN(C)S(=O)(=O)CCCS(=O)(=O)N1CCC([C@]2(C)NC(=O)NC2=O)CC1,-104.5146
CC(=O)N(C)CCC(=O)N1C[C@@H]2COC[C@H](C1)[C@@H]2NC(=O)CN1C(=O)C=CC1=O,-104.8916
N#CC1=C(NC(=O)CN2CCN(CC2)C=3C=CC=CC3F)SC=4CCCCC14,-140.4166
COC=1C=CC(=CC1)N2N=NN=C2CNC(C)(C)C3=CC=CC(C#N)=C3,-124.5309
Cc1cc(S(N)(=O)=O)cc(NC(=O)C(=O)N2CCN(S(C)(=O)=O)CC2)c1C,-120.644
CC(NC(=O)N(C)C(C)C=1C=CC(=CC1)N2C=NC=N2)C3=CC=CC=C3F,-114.7324
O=C1CC(C(=O)N2CCOC[C@]3(CN(C(=O)CN4CC(=O)NC4=O)CCO3)C2)C1,-120.5096
Cn1ncnc1C(=O)N1CCO[C@@]2(COCCN(C(=O)c3ccc(O)nn3)C2)C1,-134.0286
CC(=O)c1cc(C(=O)N2C[C@@H]3COC[C@H](C2)[C@@H]3NC(=O)C[C@H]2NC(=O)NC2=O)n[nH]1,-129.4513
C[C@H](CS(C)(=O)=O)C(=O)N[C@@H]1C[C@@H]2CC[C@H](C1)N2C(=O)[C@@H](O)N1CCOCC1,-112.3656
CNC(=O)NC(=O)CCN1CCN(CC1C)C=2C=CC(=CC2)C(=O)OC,-121.6471
O=C1CC[C@@H](C(=O)N2C[C@@H]3COC[C@H](C2)[C@@H]3NC(=O)CNCP(=O)(O)O)N1,-117.8203
C[C@H](C(=O)c1c(N)n(C)c(=O)n(C)c1=O)N1CCN(c2ccc(C(N)=O)cn2)CC1,-125.5208
CS(=O)(=O)CC1CCN(S(=O)(=O)N2CCN(S(C)(=O)=O)CC2)CC1,-102.141
Nc1n[nH]c(CCC(=O)N2CCOC[C@]3(C2)CN(C(=O)[C@@H]2C[C@H](O)CN2)CCO3)n1,-124.2028
"COC1=CC(=CC(=C1)OC)CCNC(=O)[C@@]23CNC[C@H]3CCOC2 |&1:15,19,r|",-97.4929
CCOC(=O)N[C@H](O)C(=O)N[C@@H]1[C@H]2COC[C@@H]1CN(C(=O)c1ccc(O)nn1)C2,-140.7948
C[C@H](C(=O)NC[C@@]12CCCO[C@@H]1CCN(C(=O)CC[C@H](N)C(N)=O)C2)n1cnnn1,-135.8582
CCOC(=O)N[C@@H](O)C(=O)N[C@@H]1[C@H]2COC[C@@H]1CN(C(=O)[C@@H]1CCC(=O)N1C)C2,-119.8911
O=C1CC[C@@H](C(=O)NC[C@@H]2OC[C@@H]3CCN(C(=O)CN4CCOC4=O)C[C@@H]32)CN1,-119.368
O=C(O)C#CC(=O)N[C@H]1CCc2nc(NC(=O)[C@H](O)N3CCOCC3)sc2C1,-119.1135
O=S(=O)(C=1C=CC=C(F)C1F)N2CCCCC2C=3N=CNN3,-111.226
CC=1C=C(N=C(N1)N2CCN(CC2)C(C)C3=NC(=NO3)C4CC4)C(C)C,-112.5937
C[C@H](CN)C(=O)N1CCOC[C@@]2(CN(C(=O)CNCP(=O)(O)O)CCO2)C1,-115.1138
CC(C)N1CCC(CC1)C(=O)NCCCC2=NC(=O)NN2,-114.5415
NC(=O)NCC(=O)N1CC[C@H]2CO[C@@H](CNC(=O)c3cccn4c(O)nnc34)[C@H]2C1,-119.9934
FC(F)(F)C1=NN=C2C=CC(=NN12)N[C@H]3CCCO[C@@H]3C=4C=CN=CC4,-111.4035
O=C1C[C@@H](C(=O)N2CCOC[C@]3(CN(C(=O)c4cc(O)no4)CCO3)C2)CCN1,-125.7214
"CC=1C=CC=2N=CC=CC2C1S(=O)(=O)N[C@@H]3CNC[C@H]3C=4C=CC=CC4 |&1:15,19,r|",-114.04
CCN1C(=O)N(CC(=O)NC2=CC=NN2CC=3C=CC(Cl)=CC3)C=4C=CC=CC41,-118.8469
CS(=O)(=O)N1CCN(C(=O)C(=O)N[C@H]2CCCN(c3cccnc3)C2=O)CC1,-134.4066
CS(=O)(=O)CCNC(=O)NCC=1C=CC(=C(F)C1)N2C=CN=C2,-120.497
NS(=O)(=O)c1n[nH]cc1C(=O)N1C[C@@H](O)[C@H](NC(=O)[C@@H]2C[C@@H]3O[C@H]2[C@H]2C[C@@H]32)C1,-123.3339
N=C(N)SCCC(=O)N1CC[C@H]2CO[C@@H](CNC(=O)CN3C(=O)C=CC3=O)[C@H]2C1,-126.3065
C[C@H]1CCNC(=O)[C@@H]1NS(=O)(=O)CCCS(=O)(=O)N[C@H]1C(=O)NCC[C@H]1C,-113.9679
CC1(C)OCC(NC(=O)C(=O)N2CCC[C@@H](S(=O)(=O)N3CCOCC3)C2)CO1,-110.8887
Cc1noc(CC(=O)N2CCO[C@@]3(COCCN(C(=O)[C@H]4CCNC(=O)C4)C3)C2)n1,-116.975
Cc1nn[nH]c1C(=O)N1CCOC[C@@]2(C1)CN(C(=O)[C@@H]1CCC(=O)N1C)CCO2,-127.299
C[C@@](O)(CNC(=O)NCCS(=O)(=O)NC[C@H]1CCCCO1)CN1CCOCC1,-127.2663
CC(C)(C)OC(=O)N[C@@H](O)C(=O)N1CCCC12CN(C(=O)CC[C@@H](N)C(N)=O)C2,-126.8687
C#CCO[C@@H](C)C(=O)N1CC[C@H]2CO[C@@H](CNC(=O)[C@H](O)N3CCOCC3)[C@H]2C1,-122.5704
CS(=O)(=O)c1ccc(S(=O)(=O)N2CCN(CCS(N)(=O)=O)CC2)cc1,-115.3975
Cn1ncnc1C(=O)N1CC[C@H]2CO[C@@H](CNC(=O)COc3ccc(O)nn3)[C@H]2C1,-126.3462
COC(OC)C(=O)N1CCO[C@]2(COCCN(C(=O)[C@H](C)Cn3cncn3)C2)C1,-112.0235
CC(C)[C@H](C(=O)NCCC(=O)N[C@H]1CCS(=O)(=O)C1)N1CCCS1(=O)=O,-104.222
CC=1C=C(N(C)N1)N2CCC(NC(=O)CCN3C=CC=N3)C2=O,-115.9887
O=C(C(=O)N1CCO[C@]2(COCCN(C(=O)[C@@H]3C[C@H](O)CN3)C2)C1)c1ccco1,-108.6762
COC(=O)[C@@H]1CCCN1CC(=O)N1CCN(C(=O)CN2CCC[C@H]2C(=O)OC)CC1,-108.1105
COC=1C=CC(=CC1NC(C)=O)S(=O)(=O)NC=2C=CC=C(C2)C(=O)O,-118.229
CN[C@@H](CC(=O)N1CCO[C@]2(COCCN(C(=O)C(=O)N(C)C)C2)C1)C(=O)O,-100.1252
COC=1C=CC=C(C1)C(O)CNC(=O)C=2C=CC(=NC2)N3CCCCCC3,-110.7763
CC(C)(C)N1N=CC=2C(=O)NC(=NC21)NC(CF)C=3C=CC(F)=CC3,-124.5506
CN(C)S(=O)(=O)c1cnn(CN2CCN(C(=O)C(=O)N3CCOCC3)CC2)c1,-116.7333
CN(C)S(=O)(=O)CCn1c([C@H]2CCS(=O)(=O)C2)nnc1N1CCOCC1,-117.3902
C[C@H](C(=O)NC(N)=O)N1CCN(S(=O)(=O)c2ccc3c(c2)NC(=O)CO3)CC1,-123.5769
CNC(=O)N1CCN(CC1)S(=O)(=O)C=2C=C(C=CC2OC)OC,-103.955
CC(C)NC(=O)CN1CCN(C(=O)c2cnc3c(c2)c(=O)n(C)c(=O)n3C)CC1,-111.1164
O=C(NC1CC1)C(C=2C=CC=CC2)N3CCN(CC=CC=4C=CC=CC4)CC3,-114.3686
Cn1cccc1C(=O)N1CCOC[C@@]2(CN(C(=O)CN3CC(=O)NC3=O)CCO2)C1,-126.2202
O=C(N[C@@H]1[C@H]2COC[C@@H]1CN(C(=O)CN(CCO)CCO)C2)[C@H]1C[C@@]1(F)Cl,-121.0607
CC1=CNN=C1C(=O)N2CCCC2(C)CC=3C=CC(=CC3)OC(F)(F)F,-105.702
COC(=O)NC(C)(C)C(=O)N1CCN(S(=O)(=O)[C@@H]2CCS(=O)(=O)C2)CC1,-106.5606
CC(C)(C)OC(=O)N1CCN(CC(=O)NC[C@@]2(O)CCS(=O)(=O)C2)C(=O)C1,-105.1788
CC=1NC=CC1C(=O)N[C@@H](C)C(=O)NC=2C=CC=NC2C,-109.2383
COCCO[C@H]1COCC[C@H]1NS(=O)(=O)N1CCN(S(C)(=O)=O)CC1,-110.8677
CC1=C(N=NN1C)C(=O)N2CCC=3C=CC=CC3C2(C)C(F)(F)F,-100.7646
COC[C@H](NC(C)=O)C(=O)NC[C@@H]1OC[C@@H]2CCN(C(=O)Cn3nccn3)C[C@@H]21,-123.2815
CN1C(=O)C=2C=3CCCC3SC2N=C1SCCC4=NN=NN4,-133.2471
CS(=O)(=O)NC1CCN(C(=O)[C@@H]2CC(=O)N([C@H]3CCS(=O)(=O)C3)C2)CC1,-103.9154
COc1cc(C(=O)N2CCOC[C@]3(C2)CN(C(=O)[C@H](C)NC=O)CCO3)n(C)n1,-120.2139
CC(C)(C#N)C(=O)N1CCO[C@]2(COCCN(C(=O)CN3CC(=O)NC3=O)C2)C1,-126.9434
O=C(C1=CC=2COC=3C=CC=CC3C2S1)N4CCOCC4,-102.9846
CC(C)(C#N)CC(=O)N1CCCCC1CNC(=O)C=2C=CC=CC2,-110.1229
O=C(NC1=NN(C=C1Br)CC=2C=CC=CC2F)C=3C=NN=C(C3)C4CC4,-119.5632
CN1CCN(CC1)C2=CC=C(N=C2)NC(=O)C=3C=CNN3,-114.1217
CC[C@@H](NC)C(=O)N1CC[C@H]2CO[C@@H](CNC(=O)c3cc(=O)n4[nH]nnc4n3)[C@H]2C1,-115.0421
CC1=NC(=CS1)CN2CCCN(CC2)C(=O)C=3C=CC(C#N)=CC3,-110.025
CC1(CN(C1)C(=O)C(=O)N2CCC(C2)N3CCCC3=O)C=4C=CC=CC4,-112.5236
CC[C@@H](NC(C)=O)C(=O)N1CCO[C@]2(COCCN(C(=O)c3ncn(C)n3)C2)C1,-118.49
C[C@H](NS(=O)(=O)c1cnn(C)c1)C(=O)O[C@@H](C)C(=O)NCCN1CCOCC1,-120.0273
CCOC(=O)C(=O)c1cc(S(=O)(=O)N2CCN(S(=O)(=O)NC)CC2)cn1C,-107.7818
CS(=O)(=O)CC(=O)N1CCC2(CCCN(C(=O)[C@@H](N)CCC(N)=O)C2)CC1,-100.9479
O=C1CC(C(=O)N2CC[C@H]3OCCC[C@@]3(CNC(=O)c3cc(O)nc(O)n3)C2)=NN1,-141.9433
O=C(Cn1ccnn1)N1CC2(CCCN2C(=O)c2n[nH]c3c2CS(=O)(=O)C3)C1,-134.6622
CNC(=O)C=1C=CC=C(C1)NC(=O)CCNS(=O)(=O)C=2C=CC=CC2,-108.171
CCNC(=O)N[C@@H](C)C(=O)N[C@@H]1[C@H]2COC[C@@H]1CN(C(=O)CC[C@@H](N)C(N)=O)C2,-129.5596
CCC(=O)N[C@@H](C)C(=O)N1C[C@@H]2COC[C@H](C1)[C@@H]2NC(=O)CN1CCN(C)CC1,-106.6025
C[C@@H](C(=O)NCCc1ccc(S(N)(=O)=O)cc1)N1CCN(S(C)(=O)=O)CC1,-119.0957
CN(C)CC(=O)NC1CCN(C2CCN(C(=O)C[C@H]3NC(=O)NC3=O)CC2)CC1,-102.917
N=C1NCCN1CC(=O)N1CCOC[C@]2(C1)CN(C(=O)c1cnsn1)CCO2,-133.4287
COCCn1c(N)c(C(=O)CN2C[C@H]3COCC[C@@]3(C(=O)OC)C2)c(O)nc1=O,-97.1805
CC=1C(=CC=CC1NC(=O)N(C)C)NCC2=CNN=C2C=3C(F)=CC=CC3F,-128.7729
C[C@@H]1C(=O)NCCN1C(=O)C(=O)NCCC(=O)N1CCN(c2ncccn2)CC1,-117.9631
N#CC=1C=C(C=CC1F)NS(=O)(=O)CC2CCCCO2,-114.2939
O=C1CC[C@H](C(=O)N2CCO[C@]3(COCCN(C(=O)CSc4nc[nH]n4)C3)C2)N1,-121.356
O=C1C(Cl)=C(C=NN1C=2C=CC(=CN2)C(F)(F)F)NCC3CN(CC=4C=CC=CC4)CCO3,-144.9685
O=C(CN1CCN(CCN2CCCS2(=O)=O)CC1)N[C@@H]1CCS(=O)(=O)C1,-110.6705
Cn1cnc(S(=O)(=O)NCC(=O)N[C@H]2CCO[C@]3(CCS(=O)(=O)C3)C2)c1,-114.9952
CCC1=NN(C)C=C1C(=O)NC=2C=CC3=C(C2)CCN3C(C)=O,-115.9004
CC[C@H](NC(N)=O)C(=O)N1C[C@@H]2COC[C@H](C1)[C@@H]2NC(=O)[C@H](C)Cn1cncn1,-128.1349
O=C1NC(=O)[C@@H](CC(=O)N2CCO[C@@]3(CCN(C(=O)/C=C/c4cnccn4)C3)C2)N1,-118.2175
Cc1cc(C(=O)N[C@@H]2[C@H]3COC[C@@H]2CN(C(=O)[C@@H](N)CCC(N)=O)C3)cc(O)n1,-127.1605
CN(C)C(=O)Cn1nc2n(c1=O)CCN(C(=O)C(=O)N[C@H]1CCO[C@H]1C1CC1)C2,-120.9207
Nc1nc2c(nc(NOCc3ccccc3)n2[C@@H]2O[C@H](CO)[C@@H](O)[C@@H]2O)c(=O)[nH]1,-153.6436
CC=1NC=NC1C(=O)N=S2(=O)CCC3(CC2)CN(CCO3)C(=O)CC4CC4,-114.1511
NC[C@H](N)C(=O)N[C@@H]1[C@H]2COC[C@@H]1CN(C(=O)CCN1Cc3ccccc3C1=O)C2,-120.7658
CN(C(=O)C=1C=CN(N1)C=2C(F)=CC=CC2F)C=3C=CC=C(C#N)C3,-121.5526
CN(C(=O)[C@H]1CSCN1C(=O)Cn1c(=O)c2c(ncn2C)n(C)c1=O)C1CC1,-134.7264
Cc1cc(CC(=O)N2CCO[C@]3(COCCN(C(=O)[C@@H](C)n4cnnn4)C3)C2)n[nH]1,-147.876
O=C(N[C@@H]1C[C@H](C1)OC=2C=CC=CC2)C3=CON=C3C4CC4,-106.9061
Cn1cnc(C(=O)N2CCO[C@]3(COCCN(C(=O)c4cc(=O)ccn4C)C3)C2)n1,-109.8006
C[C@H](C(=O)N1CC[C@@]2(CN(C(=O)[C@H](O)N3CCOCC3)CCO2)C1)N1C[C@H]2C[C@H]2C1,-133.1574
CC(=O)NC(C)(C)C(=O)N1CCOC[C@@]2(CN(C(=O)Cn3ccnn3)CCO2)C1,-116.2649
C[C@H](C(=O)N1CCOC[C@]2(CN(C(=O)[C@H]3CNC(=O)C3)CCO2)C1)n1cncn1,-123.1934
CN1CCN(CC(=O)N[C@@H]2[C@H]3COC[C@@H]2CN(C(=O)Cc2ncccn2)C3)CC1,-114.3179
CS(=O)(=O)CC(=O)N1CC[C@H]2CO[C@@H](CNC(=O)CCc3nc(N)n[nH]3)[C@H]2C1,-112.1147
Cn1nncc1S(=O)(=O)N(CCCN1CCOCC1)[C@@H]1CCS(=O)(=O)C1,-118.9255
O=C(CC=1C=CC=C(F)C1)N2CCCC(C2)N3C=NC=N3,-107.2509
COCCNS(=O)(=O)c1c[nH]c(C(=O)NCCC(=O)N2CCN(C)CC2)c1,-104.9805
O=C(NCC1=CSC=2C=CC=CC12)C=3C=C(NN3)C4CC4,-109.0508
Cn1ncnc1C(=O)N1CCOC[C@@]2(CN(C(=O)CCN3CCOCC3)CCO2)C1,-127.6057
CSCC[C@H](O)C(=O)N1CCOC[C@@]2(CN(C(=O)Cn3ccnn3)CCO2)C1,-123.7452
O=C(CCC=1C=CC=CC1N2CCOCC2)N3CCCCCC3CO,-109.8729
CSCC[C@H](O)C(=O)N1CCC(N2CCC(NC(=O)[C@@H](N)CN)CC2)CC1,-101.0751
COC(=O)CCN(C)S(=O)(=O)N1CCn2c(nn(CC(=O)N(C)C)c2=O)C1,-119.597
CN(CC1=NN=C(S1)C(=O)NC=2C=CC(Cl)=CC2)C3CCCCC3,-108.8452
C[C@@H](C(=O)N1CCO[C@]2(CCN(C(=O)[C@@H]3CCNC(=O)C3)C2)C1)N1CCN(C)CC1,-105.084
CS(=O)(=O)N1CCC(CNC(=O)[C@@H]2CC(=O)N([C@@H]3CCS(=O)(=O)C3)C2)CC1,-94.6298
O=C(CN1CCCNC1=O)N1CCN(S(=O)(=O)[C@H]2CCS(=O)(=O)C2)CC1,-106.3547
O=C(NS(=O)(=O)C=1C=NC=C(Cl)C1)C2CC(=O)N(C2)C=3C=CC=CC3,-113.29
C[C@@H](NC=O)C(=O)N1CCO[C@@]2(COCCN(C(=O)COc3cccnn3)C2)C1,-123.5137
CC(=O)N1CCN(CC2=NC(=CS2)C=3C=CC(O)=CC3O)CC1,-117.9177
CC[C@H](C)[C@H](O)C(=O)N1CCO[C@]2(COCCN(C(=O)CN3C(=O)C=CC3=O)C2)C1,-124.3716
O=C(CN1CCOCC1=O)N2CC(=O)NC3=CC(F)=C(F)C=C32,-112.7862
CCN1CCN(CCc2noc(CN3CCN(S(C)(=O)=O)CC3)n2)C(=O)C1=O,-108.467
CC1=CSC(CNC(=O)C2COC=3C=CC=CC3C2)=N1,-96.1013
COC(=O)[C@H](CNC(=O)Cn1c(=O)c2c(ncn2C)n(C)c1=O)Cc1ccncc1,-131.9956
Cn1c(=O)nc(O)c2cc(S(=O)(=O)NC[C@@H]3CCC[C@@]34NC(=O)NC4=O)cnc21,-128.581
CC1(COCCN1C(=O)C2=CN=C(NC2=O)C3CC3)C4CC4,-98.8313
CCC(=O)N[C@H](C)C(=O)N[C@@H]1[C@H]2COC[C@@H]1CN(C(=O)CCc1nc(N)n[nH]1)C2,-124.6235
CN1C(=O)CC[C@H]1C(=O)N1CCO[C@@]2(COCCN(C(=O)[C@H]3CCNC(=O)C3)C2)C1,-137.1794
O=C1NC(=O)[C@@H](CC(=O)N2CCO[C@@]3(COCCN(C(=O)c4ccc[nH]4)C3)C2)N1,-140.9938
O=C1CC[C@H](C(=O)NC[C@@H]2OC[C@@H]3CCN(C(=O)CNC(=O)C(F)(F)F)C[C@@H]32)N1,-109.4769
CC[S@](=O)CCn1c(C)nnc1N1CCn2c(nn(CC(=O)N(C)C)c2=O)C1,-116.8278
O=C([C@@H](O)N1CCOCC1)N1CC2(CCCN2C(=O)[C@@H]2CCCS2(=O)=O)C1,-106.4274
CC[S@](=O)CCC(=O)N1CCO[C@@]2(COCCN(C(=O)Cn3cnnn3)C2)C1,-111.8353
CNS(=O)(=O)CCn1c([C@@H]2CCC(=O)N2)nnc1N1CCC[C@H](NC(C)=O)C1,-148.0598
CCN(CC1=NN=C(O1)C=2C=CC=CC2OC)C=3C=CC=C4C=CC=CC34,-126.0617
NC[C@H](N)C(=O)N1[C@H]2CC[C@@H]1C[C@H](NC(=O)[C@@H]1CCc3nc(O)nc(O)c3C1)C2,-120.5981
COC(=O)c1cnn(C)c1NC(=O)C(=O)N1CCN(C(=O)C(=O)NC2CC2)CC1,-133.6919
CC(C(=O)N1CCC(O)(CN2CCCCC2)CC1)C3CC3,-101.1998
CC1(CO)CCN(CC1)C=2C=C(N=CN2)NC3CCCOC3,-108.7067
O=C(NC1CCN(S(=O)(=O)C2CCOCC2)CC1)C1=C[C@@H](O)[C@@H](O)[C@H](O)C1,-117.9621
CC(=O)N1CCN(CC(=O)N2CC[C@]3(C2)CN(C(=O)c2cc(O)no2)CCO3)CC1,-136.8438
COC(=O)[C@@H]1[C@H](O)CCCN1C(=O)COCC(=O)N1CCC[C@@H](O)[C@@H]1C(=O)OC,-118.9203
O=C1CN(CC(=O)N2CCCC23CN(C(=O)CCc2ccc(O)nn2)C3)C(=O)N1,-132.7704
CC1=NN(C)C=2N=CC(=CC12)C(=O)N[C@@H]3C[C@H](C3)C=4C=CC(Cl)=CC4,-119.1855
C[C@@]1(C[C@H]2CCCN2S(=O)(=O)N2CCN(S(C)(=O)=O)CC2)NC(=O)NC1=O,-117.1691
C[C@@H](NC=O)C(=O)N1CC[C@]2(CN(C(=O)CS(=O)(=O)N3CCCC3)CCO2)C1,-123.6957
COc1ccc(C(=O)N2CCOC[C@]3(C2)CN(C(=O)c2ncn(C)n2)CCO3)nn1,-122.4115
CN1CCN(c2ncc(CN[C@@H]3CS(=O)(=O)C[C@H]3N3CCOCC3)cn2)CC1,-113.6001
CN(CCNS(C)(=O)=O)C(=O)CNC(=O)c1cccc(S(=O)(=O)N(C)C)c1,-120.6253
CN[C@H](CC(=O)N1CCO[C@]2(COCCN(C(=O)c3ccnnc3O)C2)C1)C(=O)O,-122.6595
CN1C=C(NC(=O)N2CCC(C2)S(N)(=O)=O)C(=N1)C=3C=CC=CC3,-114.904
CC(C)[C@@H](C#N)NS(=O)(=O)C=1C=CC(=CC1)CF,-97.2742
CC(=O)N[C@@H](C)C(=O)N1CCOC[C@]2(CN(C(=O)CN3CCCC3=O)CCO2)C1,-123.8327
CN[C@H](CC(=O)N1CCO[C@]2(COCCN(C(=O)c3ccncc3O)C2)C1)C(=O)O,-120.6534
CNC(=O)[C@@H]1CN(C(=O)C(=O)N[C@@H](C)c2ccc(S(=O)(=O)NC)cc2)CCO1,-132.602
CN[C@@H](CC(=O)N[C@@H]1[C@H]2COC[C@@H]1CN(C(=O)c1cn3cccnc3n1)C2)C(=O)O,-136.1959
C[C@H](NS(C)(=O)=O)C(=O)N1CC[C@H](N(C(=O)[C@@H](C)NS(C)(=O)=O)C2CC2)C1,-121.103
CC(=O)N[C@H](Cc1cnc[nH]1)C(=O)N1CCCC12CN(C(=O)CN1CCOCC1)C2,-116.5049
CC1CN(CC(C)O1)C(=O)NCCC=2C=CC=CC2F,-91.1011
C[C@@H](Cn1cncn1)C(=O)N1CCOC[C@]2(CN(C(=O)c3ncnn3C)CCO2)C1,-129.1494
CS(=O)(=O)N[C@@H]1CCC[C@@H]1CNC(=O)[C@@H]1CC(=O)N([C@@H]2CCS(=O)(=O)C2)C1,-100.5383
CN(C)S(=O)(=O)N1CCN(CC(=O)NC(=O)N[C@@H]2CCS(=O)(=O)C2)CC1,-108.8912
CN[C@H](CC(=O)N1CCOC[C@@]2(C1)CN(C(=O)Cn1ccnc1C)CCO2)C(=O)O,-114.7767
CC(C)N1N=CN=C1CNC(=O)C=2C=CC=CC2N(C)C=3C=CC=CC3,-115.7589
COC[C@H](NC(C)=O)C(=O)N1CC[C@@]2(C1)CN(C(=O)[C@H](C)N(C)C(C)=O)CCO2,-107.6816
CCNC(=O)C1CCCN(CC(=O)NC=2C=CC(Br)=CC2Cl)C1,-111.2293
CNS(=O)(=O)[C@H]1CCN(C(=O)c2cc(S(=O)(=O)N3CCOCC3)cn2C)C1,-117.7754
O=C(CCn1ccnn1)N1CCOC[C@@]2(C1)CN(C(=O)[C@@H]1C[C@H](O)CN1)CCO2,-127.2179
CN(C)C(=O)C=1C=CC(=CC1)C(=O)NC=2C=NN(C2)C=3C=CC=CC3S(C)(=O)=O,-123.4163
COC(=O)C=1C=CC=CC1C(=O)NC2=NN=C(S2)C=3C=CC=CN3,-116.4356
CNC(=O)CC(=O)N1CCOC[C@]2(C1)CN(C(=O)[C@H]1CCCS1(=O)=O)CCO2,-115.5771
O=C1NC(=O)[C@H](CC(=O)N2CCOC[C@]3(C2)CN(C(=O)Cn2ccnc2)CCO3)N1,-129.803
COC(=O)CNC(=O)[C@@H](C)N1CCN(S(=O)(=O)[C@H]2CCS(=O)(=O)C2)CC1,-102.6118
Cc1oc(C(=O)N2CCN(C(=O)C(=O)N3CCOCC3)CC2)cc1S(N)(=O)=O,-131.234
CCOCCS(=O)(=O)NCC(=O)N1CCN(S(=O)(=O)N(CC)CC)CC1,-102.6602
Cn1cc(CC(=O)NC[C@@H]2OC[C@@H]3CCN(C(=O)[C@H](O)N4CCOCC4)C[C@@H]32)cn1,-128.0735
O=C(Cn1cncn1)NC1CCN(C2CCN(C(=O)[C@@H]3CNC(=O)O3)CC2)CC1,-107.9226
O=C1C[C@@H](C(=O)N2CCOC[C@]3(CN(C(=O)c4n[nH]cc4[N+](=O)[O-])CCO3)C2)CN1,176200005084.2097
COC(=O)COCC1CCCN(C1)C=2N=CN=C3NC4=CC(Br)=CC=C4C23,-136.7644
C=C1CC(C(=O)N2CCO[C@@]3(COCCN(C(=O)CN4C(=O)CNC4=O)C3)C2)C1,-141.562
O=C(CCN1C(=O)OC=2C=C(Cl)C=CC21)N3CCC=4C(O)=CC=CC4C3,-115.0638
CS(=O)(=O)Cc1ccc(C(=O)N[C@@H]2[C@H]3COC[C@@H]2CN(C(=O)C(O)O)C3)cn1,-106.619
CCC1=CSC(=N1)N2C=C(C=N2)C(=O)N3CC=4C=CC(O)=CC4C5(CC5)C3,-117.9645
O=C(O)C#CC(=O)N1CCOC[C@@]2(C1)CN(C(=O)CN1CC(=O)NC1=O)CCO2,-137.8814
COC(=O)N(C)C=1C=CC(=CC1)NC(=O)C=2C=CN(N2)C3=CC=CC(=C3)OC,-115.8228
CS(=O)(=O)C=1C=CC(=CC1)CCNC(=O)C=2C=CC=3OCCOC3C2,-128.0261
CCNC(=O)N[C@@H](C)C(=O)N1CCOC[C@]2(CN(C(=O)CNC(C)=O)CCO2)C1,-118.3896
O=C(C=1C=CC=CC1F)N(CC(F)(F)F)C2CCN(CC2)C(=O)C=3C=CC=C4NN=CC34,-112.1357
CS(=O)(=O)CC(=O)N1CCO[C@]2(COCCN(C(=O)CCc3cn[nH]c3)C2)C1,-120.9076
CC(C)O[C@H](C)C(=O)N1CCO[C@]2(COCCN(C(=O)CC[C@H](N)C(N)=O)C2)C1,-107.0953
C=CC(=O)N[C@H](C)C(=O)N1CCOC[C@@]2(CN(C(=O)CCn3ccnn3)CCO2)C1,-121.0952
C[C@H](C(=O)N1CCOC[C@]2(CN(C(=O)[C@H]3CNC(=O)C3)CCO2)C1)N1C[C@H]2C[C@H]2C1,-113.4633
O=C(CN1C(=O)CNC1=O)N1CCOC[C@@]2(C1)CN(C(=O)c1ncccn1)CCO2,-135.1436
CC(=O)N(CC=1C=CSC1)C2CC32CCN(CC3)C(=O)C4=CC=C(C#N)N4,-105.9505
O=C(COCCO)N1CCO[C@]2(COCCN(C(=O)c3cnn4ncccc34)C2)C1,-117.0656
CN1CCC(O)(CNC(=O)c2ccc(S(=O)(=O)N3CCNC(=O)C3)cc2)CC1,-110.8787
CC1=NN(C)C=C1S(=O)(=O)N[C@H](CC=2C=CC(O)=CC2)C(=O)O,-122.0567
CC1=C(C=NN1C)[C@H]2[C@@H](CC(=O)N2C)NCC3=CC=C(CO)O3,-121.9844
COC=1C=CC=CC1OCCC(=O)N2CCCC2C3=CC=C(C)O3,-106.0562
CC=1NC=CC1C(=O)N2CCN(CC2)C3CCN(CC=4C=CC=CC4)C3,-108.1062
COC(=O)c1cc(S(=O)(=O)N[C@@H]2CS(=O)(=O)C[C@H]2N2CCOCC2)c[nH]1,-105.7551
CN1C=NN=C1SCC(=O)NC=2C(F)=CC(F)=CC2Br,-100.6617
CN1C(=O)C(=O)N(CC(=O)N2CCCN(C(=O)[C@@H]3C[C@@H]4O[C@H]3[C@H]3C[C@@H]43)CC2)C1=O,-116.5687
CNC(=O)CC(=O)N1CCO[C@@]2(COCCN(C(=O)c3cnn4ncccc34)C2)C1,-115.8573
O=C(CNC=1C=CC(=CC1)S(=O)(=O)N2CCOCC2)NC3=CC=CC=C3F,-125.9973
CNC(=O)C(=O)N1CCN(S(=O)(=O)c2cc(S(C)(=O)=O)ccc2C)CC1,-101.198
O=C(N[C@@H]1[C@H]2COC[C@@H]1CN(C(=O)c1[nH]nc3ncccc13)C2)[C@@H]1C[C@H](O)CN1,-124.6696
COC=1C=CC=2N=CC=C(C2C1)N3CCCC(C3)N4C=NC=N4,-109.6621
O=C(Cn1cnnn1)N1CCOC[C@]2(C1)CN(C(=O)c1cncc(F)c1)CCO2,-122.3987
O=C(C#CC1CC1)N1CCO[C@]2(COCCN(C(=O)CN3C(=O)C=CC3=O)C2)C1,-114.8469
CN1N=C(C=C1C2CC2)C(=O)N3CCC(CC3)[C@@H]4CC[C@@H](O4)C(=O)O,-109.8014
O=C(O)C#CC(=O)N1CC[C@@]2(C1)CN(C(=O)c1cc(=O)n3[nH]nnc3n1)CCO2,-147.0572
CN(C)C(=O)Cn1nc2n(c1=O)CCN([C@@H]1CC(=O)N(c3cccc(O)c3)C1=O)C2,-124.8501
CNS(=O)(=O)c1ccccc1S(=O)(=O)NCCNS(=O)(=O)NC(C)C,-130.081
CC1=NOC=2N=CC(=CC12)C(=O)NC3CCC(CC3)S(C)(=O)=O,-109.6295
Cc1nnc(CCC(=O)N2CCOC[C@]3(C2)CN(C(=O)C(O)O)CCO3)s1,-133.4735
CCOC(=O)N[C@H](O)C(=O)N1CC2(CCCN2C(=O)[C@@H](C)CS(C)(=O)=O)C1,-118.5729
O=C(Cc1ncccn1)N1CCO[C@@]2(COCCN(C(=O)Cn3cncn3)C2)C1,-123.0927
CN(CC(=O)N1CC[C@]2(C1)CN(C(=O)c1cccc(O)n1)CCO2)C(=O)C(=O)O,-135.7958
CCS(=O)(=O)CC(=O)N[C@@H]1[C@H]2COC[C@@H]1CN(C(=O)/C=C\C(=O)NC1CC1)C2,-112.744
COC=1C=C(C=C2OCOC12)CNC(C)C3=NN=C4CCCCN34,-122.2591
"CC(=O)NC1=CC=C2N=C(NC(=O)[C@H]3OCCO[C@H]3C)SC2=C1 |&1:13,18,r|",-121.9527
NC(=O)CNS(=O)(=O)c1ccc(C(=O)N2CCN(C[C@H]3CCCO3)CC2)o1,-110.1709
CCSCCCNC(=O)C(=O)N1CCN(S(=O)(=O)N2CCN(C)CC2)CC1,-91.1347
O=C(Nc1ccc(Cn2cncn2)cc1)C(=O)N1CCN(C(=O)Cn2cnnn2)CC1,-126.5844
CNS(=O)(=O)c1ccc(C)c(NC(=O)C(=O)N2CCN3C(=O)C(=O)NC[C@H]3C2)c1,-111.1016
CCc1c(C(=O)OCc2cc(=O)n(C)c(=O)n2C)cnc2c1c(=O)n(C)c(=O)n2C,-128.5361
CCO[C@@]1(c2nnc(N3CCNC(=O)C3)n2CCNS(=O)(=O)CC)CCOC1,-133.1605
CC1=CC(=CC(C)=C1Cl)NC(C2=NN=CN2)C=3C=CC=CC3,-116.9841
CCNC(=O)COc1ccc(CNC(=O)C(=O)N2CCO[C@H](C(N)=O)C2)cc1OC,-113.0136
NC(=O)NCC(=O)NC[C@@H]1OC[C@@H]2CCN(C(=O)Cc3ccc4ncnn4c3)C[C@@H]21,-121.1458
Cn1cc(N2CC[C@@H](NC(=O)CCn3cnc4c3c(=O)n(C)c(=O)n4C)C2)cn1,-116.5654
O=C(Cn1cc(NC(=O)N(CCO)CCN2CCOCC2)cn1)N1CCOCC1,-119.1265
N#CC=1C=CC(O)=C(C1)C=2C=CC=3NC(=O)CN=C(C=4C=CC=CC4)C3C2,-126.8016
COC(=O)NCC(=O)N1CCOC[C@@]2(C1)CN(C(=O)[C@@H](C)n1cnnn1)CCO2,-123.7155
CNC(=O)[C@H](CC1=CNC=2C=CC=CC12)NC(=O)C3=NNC=4CCN(CC34)C(=O)OC(C)(C)C,-160.4438
NC(=O)c1nccnc1C(=O)N1CCOC[C@@]2(C1)CN(C(=O)[C@H]1CCOC1)CCO2,-111.396
CC(=O)N[C@@H]1CCCN(C(=O)COC(=O)c2cc3c(=O)n(C)c(=O)n(C)c3n2C)C1,-126.4817
O=C(CCN1CCCC1)N1CCO[C@@]2(CCN(C(=O)[C@H](O)N3CCOCC3)C2)C1,-114.199
O=C(CC=1C=CC=C(C1)OCC=2C=CC=CC2)N3CCCC(C3)C4(O)CC4,-112.8633
Cc1cc(C)n(-c2nnc(SCC(=O)c3c(N)n(C)c(=O)n(C)c3=O)n2N)n1,-130.9451
CCOC(=O)N1CCC(CC1)NS(=O)(=O)C=2C=CC=CC2Br,-108.0391
O=C1CC[C@@H](C(=O)N2C[C@@H]3COC[C@H](C2)[C@@H]3NC(=O)CNC(=O)c2cccnc2)N1,-133.7494
CN1N=CC=C1[C@H]2OCC[C@@H]2NC(=O)C#CC3CC3,-107.8713
O=C1CN(CC(=O)N2C[C@@H]3COC[C@H](C2)[C@@H]3NC(=O)c2ccc(F)nc2)C(=O)N1,-115.4808
"O=C(NC[C@@]12C[C@]2(CNC1)C(F)(F)F)N3CCC(CO)CC3 |&1:4,6,r|",-104.429
CCNC(=S)NCC(=O)N1CCO[C@]2(COCCN(C(=O)C(=O)CC)C2)C1,-111.2919
C[C@@H](C(=O)N1CCOC[C@]2(CN(C(=O)[C@@H](N)CCC(N)=O)CCO2)C1)n1ccnc1,-133.7767
C[C@@H](C(=O)N1CCOC[C@@]2(CN(C(=O)[C@@H]3CNC(=O)O3)CCO2)C1)n1cncn1,-117.7091
CCN(C(=O)CNC(=O)c1cccc(S(=O)(=O)N(C)C)c1)[C@H]1CC(=O)NC1=O,-137.7198
Cc1cc(N2CC[C@H](OC(=O)Cn3c(=O)c4c(ncn4C)n(C)c3=O)C2=O)n(C)n1,-116.6084
CCC1=CC=C(S1)C(=O)NCCC=2C=CC(=CC2)S(N)(=O)=O,-104.1869
CN(C)Cc1cc(C(=O)N2CCN(S(=O)(=O)N3CCN(C)CC3)CC2)no1,-111.6032
O=C1C[C@H](C(=O)N2CCOC[C@]3(CN(C(=O)c4ccc[n+]([O-])c4)CCO3)C2)CN1,-116.0418
O=C(CN(CCO)CCO)N[C@@H]1[C@H]2COC[C@@H]1CN(C(=O)C1CCC(O)CC1)C2,-123.2372
O=C(O)C#CC(=O)N1CCO[C@]2(COCCN(C(=O)c3cc4n(n3)CCCO4)C2)C1,-119.5458
CN(CC(=O)N1CC[C@H]2CO[C@@H](CNC(=O)c3cn(C)cn3)[C@H]2C1)C(=O)C(=O)O,-133.3039
CC(C)(C(N)=O)N1CCN(C(=O)[C@H]2CC(=O)N([C@@H]3CCS(=O)(=O)C3)C2)CC1,-98.3262
N=C1NCCN1CC(=O)NC[C@@H]1OC[C@@H]2CCN(C(=O)c3cc[n+]([O-])cc3)C[C@@H]21,-124.9221
NC[C@H](N)C(=O)N1CCOC[C@]2(CN(C(=O)CS[C@@H]3CCCCO3)CCO2)C1,-108.1756
CC[C@@H](NC)C(=O)N1CCOC[C@]2(CN(C(=O)CN(C)C(=O)C(=O)O)CCO2)C1,-106.6303
COC(=O)[C@@H]1CC[C@H](C(=O)OC)N(CC(=O)NC2CCN(S(C)(=O)=O)CC2)C1,-104.2342
O=C(NC[C@H]1CCCC(=O)N1)C2=CC=3C(F)=CC=CC3S2,-97.8134
CN1CCN(CCC(=O)Nc2nc3c(s2)C[C@@H](NC(=O)[C@@H](N)CN)CC3)CC1,-130.0539
C[C@@H]1CN(C(=O)Cn2cc(NC(=O)C(=O)N3CCNC(=O)[C@H]3C)cn2)C[C@@H](C)O1,-119.5305
CC1(C)NC(=O)N(CCCNC(=O)[C@H]2CC(=O)N([C@@H]3CCS(=O)(=O)C3)C2)C1=O,-101.409
CC(=O)N1CCN(CC(=O)N[C@@H]2[C@H]3COC[C@@H]2CN(C(=O)[C@H]2C[C@@H](O)C2)C3)CC1,-98.7716
CSC=1C=CC=C(C1)NC(=O)C(C)N2CCC(CN3CCCCC3)C2,-106.2258
C[C@H](Cn1cncn1)C(=O)N1CCO[C@@]2(COCCN(C(=O)[C@@H]3CNC(=O)O3)C2)C1,-120.7786
O=C(CC[C@@H]1CCOC1)N1CC[C@]2(C1)CN(C(=O)CN(CCO)CCO)CCO2,-114.7633
CC(C)(C(=O)O)C(=O)NCC1=CC=CC(=C1)NC(=O)C2CCCO2,-116.5762
CCS(=O)(=O)CC(=O)N[C@@H]1[C@H]2COC[C@@H]1CN(C(=O)C[C@H](NC)C(=O)O)C2,-105.527
C[C@@H](C(=O)N1CCOC[C@]2(CN(C(=O)C3=NNC(=O)C3)CCO2)C1)n1cncn1,-128.2148
CC1CN(CC(C)C1O)C=2C=CC(C#N)=C(C2)C(F)(F)F,-95.4928
O=C(NC1=NN=C(S1)C2(CC2)C=3C=CC=CC3)C=4C=CC=CN4,-111.3789
CCC=1C=CC=CC1S(=O)(=O)NCC(=O)NC(C)C=2C=CC=CN2,-116.1032
